gene	position	entropy
E	3	0.003
E	5	0.005
E	21	0.033
E	24	0.005
E	27	0.003
E	28	0.003
E	29	0.003
E	30	0.008
E	31	0.003
E	32	0.003
E	33	0.003
E	34	0.003
E	35	0.003
E	36	0.005
E	37	0.005
E	38	0.003
E	39	0.003
E	40	0.003
E	41	0.005
E	42	0.003
E	43	0.003
E	44	0.003
E	49	0.005
E	50	0.003
E	51	0.003
E	55	0.009
E	56	0.003
E	58	0.035
E	61	0.003
E	62	0.020
E	68	0.019
E	71	0.064
E	72	0.005
E	73	0.012
E	75	0.003
M	2	0.032
M	3	0.022
M	4	0.003
M	6	0.003
M	7	0.003
M	10	0.003
M	15	0.005
M	16	0.003
M	17	0.005
M	23	0.003
M	28	0.011
M	29	0.012
M	30	0.012
M	33	0.003
M	34	0.003
M	40	0.015
M	44	0.003
M	48	0.010
M	49	0.005
M	52	0.003
M	60	0.005
M	63	0.005
M	67	0.003
M	69	0.012
M	70	0.007
M	73	0.003
M	75	0.005
M	76	0.003
M	80	0.003
M	81	0.019
M	82	0.677
M	85	0.005
M	86	0.003
M	89	0.005
M	94	0.003
M	98	0.005
M	100	0.003
M	101	0.003
M	104	0.005
M	109	0.015
M	125	0.014
M	132	0.003
M	142	0.003
M	143	0.003
M	146	0.009
M	148	0.003
M	155	0.024
M	158	0.010
M	162	0.003
M	175	0.005
M	181	0.003
M	182	0.003
M	185	0.003
M	188	0.003
M	197	0.020
M	208	0.005
M	209	0.007
M	212	0.003
M	214	0.003
M	215	0.003
M	221	0.003
N	2	0.045
N	3	0.257
N	6	0.010
N	7	0.007
N	8	0.010
N	9	0.192
N	10	0.005
N	11	0.003
N	12	0.035
N	13	0.120
N	14	0.012
N	16	0.005
N	18	0.040
N	19	0.003
N	20	0.014
N	22	0.013
N	24	0.005
N	25	0.010
N	26	0.003
N	27	0.003
N	28	0.003
N	29	0.003
N	30	0.007
N	32	0.003
N	34	0.038
N	35	0.012
N	36	0.003
N	37	0.007
N	38	0.011
N	40	0.003
N	41	0.003
N	46	0.003
N	49	0.009
N	55	0.003
N	63	0.684
N	67	0.036
N	70	0.015
N	72	0.005
N	76	0.003
N	78	0.003
N	80	0.180
N	83	0.003
N	84	0.007
N	90	0.009
N	95	0.003
N	96	0.005
N	97	0.007
N	101	0.005
N	103	0.012
N	106	0.003
N	119	0.061
N	122	0.003
N	127	0.003
N	128	0.008
N	131	0.005
N	134	0.003
N	135	0.027
N	136	0.010
N	137	0.013
N	139	0.047
N	141	0.005
N	142	0.005
N	144	0.044
N	145	0.013
N	150	0.003
N	151	0.040
N	152	0.024
N	155	0.003
N	156	0.013
N	157	0.003
N	160	0.005
N	161	0.012
N	165	0.003
N	167	0.003
N	168	0.005
N	170	0.003
N	173	0.003
N	178	0.003
N	180	0.005
N	181	0.008
N	182	0.009
N	183	0.010
N	185	0.003
N	186	0.005
N	187	0.025
N	188	0.008
N	189	0.003
N	190	0.010
N	191	0.005
N	193	0.021
N	194	0.106
N	195	0.017
N	196	0.003
N	197	0.062
N	198	0.003
N	199	0.066
N	200	0.005
N	201	0.003
N	202	0.061
N	203	0.954
N	204	0.547
N	205	0.174
N	206	0.014
N	207	0.015
N	208	0.083
N	209	0.060
N	210	0.017
N	211	0.033
N	212	0.016
N	213	0.021
N	214	0.058
N	215	0.700
N	217	0.005
N	218	0.003
N	219	0.009
N	220	0.035
N	221	0.005
N	223	0.003
N	226	0.003
N	229	0.008
N	230	0.035
N	232	0.009
N	234	0.080
N	235	0.218
N	236	0.005
N	238	0.023
N	239	0.005
N	240	0.003
N	241	0.008
N	243	0.007
N	244	0.003
N	248	0.003
N	249	0.005
N	250	0.003
N	251	0.016
N	252	0.009
N	254	0.005
N	256	0.005
N	265	0.008
N	267	0.005
N	270	0.012
N	271	0.005
N	272	0.003
N	273	0.007
N	279	0.008
N	288	0.003
N	289	0.007
N	290	0.003
N	292	0.042
N	293	0.003
N	296	0.003
N	300	0.010
N	306	0.003
N	308	0.005
N	311	0.003
N	313	0.005
N	317	0.008
N	319	0.008
N	322	0.009
N	325	0.007
N	326	0.019
N	327	0.050
N	330	0.009
N	334	0.005
N	336	0.008
N	337	0.005
N	340	0.003
N	344	0.005
N	347	0.003
N	348	0.018
N	350	0.005
N	352	0.003
N	355	0.003
N	359	0.003
N	360	0.003
N	361	0.005
N	362	0.025
N	364	0.012
N	365	0.047
N	366	0.033
N	367	0.003
N	368	0.005
N	369	0.008
N	370	0.008
N	371	0.003
N	373	0.022
N	374	0.010
N	375	0.005
N	376	0.026
N	377	0.672
N	378	0.017
N	379	0.009
N	380	0.003
N	381	0.012
N	383	0.039
N	384	0.005
N	385	0.067
N	386	0.003
N	387	0.011
N	389	0.012
N	391	0.025
N	397	0.003
N	398	0.009
N	399	0.005
N	400	0.003
N	401	0.015
N	402	0.025
N	409	0.003
N	410	0.003
N	412	0.022
N	413	0.009
N	414	0.003
N	415	0.010
N	416	0.007
N	417	0.003
N	418	0.025
ORF1a	2	0.005
ORF1a	3	0.003
ORF1a	4	0.030
ORF1a	5	0.003
ORF1a	6	0.003
ORF1a	7	0.008
ORF1a	8	0.003
ORF1a	10	0.005
ORF1a	12	0.009
ORF1a	15	0.003
ORF1a	17	0.008
ORF1a	18	0.003
ORF1a	19	0.003
ORF1a	22	0.003
ORF1a	24	0.020
ORF1a	27	0.010
ORF1a	28	0.013
ORF1a	30	0.003
ORF1a	31	0.003
ORF1a	33	0.005
ORF1a	34	0.009
ORF1a	37	0.012
ORF1a	42	0.003
ORF1a	45	0.005
ORF1a	49	0.008
ORF1a	52	0.003
ORF1a	53	0.003
ORF1a	57	0.005
ORF1a	62	0.011
ORF1a	65	0.003
ORF1a	66	0.003
ORF1a	73	0.003
ORF1a	75	0.005
ORF1a	76	0.005
ORF1a	78	0.005
ORF1a	79	0.003
ORF1a	80	0.008
ORF1a	81	0.005
ORF1a	82	0.024
ORF1a	83	0.024
ORF1a	84	0.041
ORF1a	85	0.060
ORF1a	86	0.018
ORF1a	87	0.052
ORF1a	88	0.003
ORF1a	90	0.003
ORF1a	91	0.003
ORF1a	92	0.003
ORF1a	93	0.005
ORF1a	95	0.003
ORF1a	100	0.008
ORF1a	102	0.011
ORF1a	106	0.003
ORF1a	107	0.003
ORF1a	110	0.025
ORF1a	111	0.003
ORF1a	112	0.010
ORF1a	113	0.003
ORF1a	114	0.024
ORF1a	117	0.003
ORF1a	120	0.013
ORF1a	121	0.005
ORF1a	122	0.007
ORF1a	124	0.005
ORF1a	126	0.005
ORF1a	131	0.005
ORF1a	137	0.005
ORF1a	138	0.019
ORF1a	139	0.012
ORF1a	140	0.003
ORF1a	141	0.050
ORF1a	142	0.050
ORF1a	143	0.050
ORF1a	144	0.005
ORF1a	146	0.003
ORF1a	147	0.005
ORF1a	148	0.009
ORF1a	149	0.008
ORF1a	150	0.007
ORF1a	151	0.003
ORF1a	153	0.005
ORF1a	166	0.005
ORF1a	169	0.003
ORF1a	170	0.003
ORF1a	171	0.003
ORF1a	174	0.003
ORF1a	176	0.003
ORF1a	178	0.003
ORF1a	184	0.010
ORF1a	187	0.003
ORF1a	190	0.005
ORF1a	192	0.003
ORF1a	193	0.012
ORF1a	196	0.003
ORF1a	197	0.007
ORF1a	202	0.003
ORF1a	203	0.005
ORF1a	204	0.007
ORF1a	206	0.008
ORF1a	207	0.044
ORF1a	211	0.005
ORF1a	212	0.007
ORF1a	216	0.020
ORF1a	217	0.008
ORF1a	220	0.005
ORF1a	222	0.005
ORF1a	224	0.024
ORF1a	225	0.003
ORF1a	226	0.008
ORF1a	228	0.003
ORF1a	232	0.008
ORF1a	238	0.003
ORF1a	241	0.008
ORF1a	246	0.003
ORF1a	247	0.003
ORF1a	260	0.008
ORF1a	261	0.172
ORF1a	265	0.205
ORF1a	267	0.003
ORF1a	269	0.003
ORF1a	270	0.003
ORF1a	271	0.005
ORF1a	274	0.008
ORF1a	278	0.017
ORF1a	279	0.019
ORF1a	282	0.003
ORF1a	289	0.003
ORF1a	290	0.007
ORF1a	292	0.010
ORF1a	293	0.003
ORF1a	294	0.003
ORF1a	295	0.005
ORF1a	298	0.005
ORF1a	300	0.041
ORF1a	302	0.017
ORF1a	303	0.003
ORF1a	305	0.007
ORF1a	306	0.007
ORF1a	307	0.003
ORF1a	309	0.119
ORF1a	310	0.003
ORF1a	315	0.003
ORF1a	317	0.003
ORF1a	318	0.009
ORF1a	321	0.008
ORF1a	322	0.012
ORF1a	325	0.003
ORF1a	327	0.003
ORF1a	333	0.031
ORF1a	334	0.003
ORF1a	335	0.005
ORF1a	337	0.010
ORF1a	339	0.020
ORF1a	340	0.003
ORF1a	343	0.003
ORF1a	346	0.019
ORF1a	347	0.005
ORF1a	348	0.005
ORF1a	349	0.005
ORF1a	350	0.023
ORF1a	351	0.005
ORF1a	352	0.010
ORF1a	353	0.005
ORF1a	354	0.005
ORF1a	355	0.003
ORF1a	361	0.013
ORF1a	368	0.003
ORF1a	369	0.005
ORF1a	371	0.003
ORF1a	372	0.005
ORF1a	374	0.013
ORF1a	375	0.005
ORF1a	376	0.017
ORF1a	377	0.003
ORF1a	378	0.025
ORF1a	379	0.005
ORF1a	380	0.105
ORF1a	381	0.003
ORF1a	382	0.003
ORF1a	384	0.012
ORF1a	385	0.005
ORF1a	386	0.003
ORF1a	388	0.013
ORF1a	391	0.005
ORF1a	392	0.003
ORF1a	393	0.005
ORF1a	394	0.003
ORF1a	395	0.005
ORF1a	398	0.011
ORF1a	399	0.008
ORF1a	400	0.022
ORF1a	402	0.003
ORF1a	403	0.035
ORF1a	404	0.003
ORF1a	405	0.003
ORF1a	411	0.003
ORF1a	415	0.003
ORF1a	417	0.009
ORF1a	420	0.005
ORF1a	422	0.003
ORF1a	424	0.005
ORF1a	426	0.003
ORF1a	428	0.012
ORF1a	429	0.003
ORF1a	430	0.003
ORF1a	431	0.013
ORF1a	433	0.003
ORF1a	434	0.003
ORF1a	436	0.005
ORF1a	438	0.035
ORF1a	439	0.005
ORF1a	442	0.003
ORF1a	443	0.033
ORF1a	444	0.005
ORF1a	445	0.008
ORF1a	446	0.005
ORF1a	447	0.003
ORF1a	450	0.003
ORF1a	451	0.003
ORF1a	452	0.008
ORF1a	453	0.010
ORF1a	454	0.009
ORF1a	458	0.003
ORF1a	459	0.005
ORF1a	460	0.021
ORF1a	461	0.003
ORF1a	465	0.003
ORF1a	469	0.007
ORF1a	471	0.010
ORF1a	472	0.003
ORF1a	474	0.008
ORF1a	475	0.003
ORF1a	476	0.005
ORF1a	483	0.005
ORF1a	486	0.014
ORF1a	493	0.005
ORF1a	498	0.045
ORF1a	501	0.003
ORF1a	505	0.003
ORF1a	513	0.003
ORF1a	514	0.003
ORF1a	516	0.009
ORF1a	518	0.003
ORF1a	519	0.070
ORF1a	523	0.003
ORF1a	526	0.005
ORF1a	527	0.003
ORF1a	528	0.007
ORF1a	529	0.003
ORF1a	530	0.005
ORF1a	531	0.003
ORF1a	536	0.020
ORF1a	538	0.013
ORF1a	539	0.003
ORF1a	540	0.011
ORF1a	542	0.015
ORF1a	543	0.005
ORF1a	550	0.012
ORF1a	551	0.010
ORF1a	552	0.005
ORF1a	553	0.003
ORF1a	555	0.005
ORF1a	556	0.003
ORF1a	557	0.003
ORF1a	560	0.010
ORF1a	561	0.021
ORF1a	563	0.005
ORF1a	564	0.003
ORF1a	565	0.005
ORF1a	566	0.003
ORF1a	567	0.003
ORF1a	568	0.013
ORF1a	569	0.005
ORF1a	578	0.003
ORF1a	580	0.013
ORF1a	583	0.003
ORF1a	584	0.003
ORF1a	587	0.003
ORF1a	588	0.003
ORF1a	589	0.003
ORF1a	590	0.009
ORF1a	591	0.003
ORF1a	592	0.009
ORF1a	594	0.005
ORF1a	596	0.003
ORF1a	598	0.003
ORF1a	599	0.108
ORF1a	602	0.005
ORF1a	603	0.003
ORF1a	604	0.003
ORF1a	607	0.003
ORF1a	609	0.013
ORF1a	610	0.019
ORF1a	614	0.012
ORF1a	616	0.003
ORF1a	617	0.003
ORF1a	618	0.003
ORF1a	619	0.003
ORF1a	621	0.003
ORF1a	625	0.003
ORF1a	626	0.005
ORF1a	627	0.007
ORF1a	629	0.008
ORF1a	630	0.003
ORF1a	632	0.003
ORF1a	633	0.035
ORF1a	634	0.016
ORF1a	635	0.003
ORF1a	639	0.008
ORF1a	640	0.005
ORF1a	642	0.007
ORF1a	646	0.005
ORF1a	649	0.005
ORF1a	651	0.003
ORF1a	653	0.003
ORF1a	654	0.003
ORF1a	655	0.003
ORF1a	656	0.015
ORF1a	657	0.007
ORF1a	658	0.003
ORF1a	659	0.008
ORF1a	661	0.005
ORF1a	663	0.003
ORF1a	665	0.063
ORF1a	666	0.003
ORF1a	667	0.003
ORF1a	668	0.003
ORF1a	669	0.014
ORF1a	671	0.020
ORF1a	673	0.003
ORF1a	674	0.008
ORF1a	675	0.003
ORF1a	676	0.005
ORF1a	679	0.003
ORF1a	680	0.005
ORF1a	681	0.007
ORF1a	685	0.005
ORF1a	687	0.003
ORF1a	688	0.003
ORF1a	690	0.019
ORF1a	691	0.022
ORF1a	693	0.005
ORF1a	694	0.007
ORF1a	698	0.010
ORF1a	699	0.003
ORF1a	702	0.003
ORF1a	704	0.003
ORF1a	707	0.005
ORF1a	708	0.017
ORF1a	710	0.009
ORF1a	711	0.003
ORF1a	712	0.020
ORF1a	714	0.003
ORF1a	716	0.003
ORF1a	720	0.003
ORF1a	723	0.012
ORF1a	724	0.005
ORF1a	726	0.003
ORF1a	727	0.013
ORF1a	728	0.010
ORF1a	730	0.022
ORF1a	732	0.003
ORF1a	735	0.003
ORF1a	737	0.003
ORF1a	738	0.003
ORF1a	739	0.007
ORF1a	740	0.003
ORF1a	743	0.020
ORF1a	746	0.003
ORF1a	748	0.003
ORF1a	750	0.003
ORF1a	751	0.003
ORF1a	753	0.009
ORF1a	754	0.003
ORF1a	755	0.007
ORF1a	757	0.007
ORF1a	758	0.008
ORF1a	760	0.008
ORF1a	762	0.005
ORF1a	765	0.010
ORF1a	766	0.003
ORF1a	767	0.040
ORF1a	768	0.003
ORF1a	769	0.010
ORF1a	770	0.005
ORF1a	771	0.003
ORF1a	772	0.003
ORF1a	773	0.005
ORF1a	774	0.003
ORF1a	775	0.005
ORF1a	776	0.015
ORF1a	777	0.005
ORF1a	778	0.003
ORF1a	779	0.003
ORF1a	780	0.003
ORF1a	781	0.005
ORF1a	782	0.003
ORF1a	783	0.005
ORF1a	784	0.003
ORF1a	785	0.003
ORF1a	786	0.003
ORF1a	787	0.003
ORF1a	788	0.003
ORF1a	789	0.005
ORF1a	790	0.003
ORF1a	791	0.003
ORF1a	792	0.013
ORF1a	793	0.003
ORF1a	794	0.003
ORF1a	795	0.005
ORF1a	796	0.005
ORF1a	797	0.003
ORF1a	798	0.010
ORF1a	799	0.003
ORF1a	800	0.003
ORF1a	801	0.010
ORF1a	802	0.005
ORF1a	803	0.003
ORF1a	804	0.028
ORF1a	805	0.003
ORF1a	811	0.003
ORF1a	812	0.009
ORF1a	814	0.011
ORF1a	819	0.005
ORF1a	820	0.009
ORF1a	821	0.003
ORF1a	822	0.003
ORF1a	823	0.010
ORF1a	826	0.003
ORF1a	827	0.003
ORF1a	828	0.003
ORF1a	835	0.003
ORF1a	840	0.005
ORF1a	841	0.003
ORF1a	842	0.005
ORF1a	844	0.003
ORF1a	847	0.003
ORF1a	850	0.003
ORF1a	851	0.009
ORF1a	854	0.003
ORF1a	855	0.003
ORF1a	858	0.007
ORF1a	859	0.015
ORF1a	861	0.003
ORF1a	866	0.005
ORF1a	868	0.003
ORF1a	869	0.005
ORF1a	870	0.003
ORF1a	871	0.005
ORF1a	872	0.003
ORF1a	876	0.008
ORF1a	879	0.038
ORF1a	880	0.007
ORF1a	882	0.009
ORF1a	885	0.008
ORF1a	886	0.003
ORF1a	887	0.003
ORF1a	890	0.007
ORF1a	891	0.021
ORF1a	892	0.025
ORF1a	894	0.005
ORF1a	896	0.003
ORF1a	901	0.003
ORF1a	902	0.003
ORF1a	903	0.029
ORF1a	909	0.003
ORF1a	911	0.005
ORF1a	913	0.011
ORF1a	916	0.003
ORF1a	917	0.005
ORF1a	920	0.003
ORF1a	924	0.003
ORF1a	926	0.013
ORF1a	927	0.003
ORF1a	928	0.022
ORF1a	933	0.005
ORF1a	934	0.015
ORF1a	935	0.003
ORF1a	937	0.005
ORF1a	941	0.003
ORF1a	942	0.003
ORF1a	944	0.062
ORF1a	948	0.003
ORF1a	950	0.003
ORF1a	951	0.007
ORF1a	953	0.007
ORF1a	958	0.014
ORF1a	959	0.041
ORF1a	962	0.003
ORF1a	963	0.005
ORF1a	964	0.010
ORF1a	965	0.003
ORF1a	967	0.025
ORF1a	968	0.005
ORF1a	971	0.032
ORF1a	974	0.003
ORF1a	981	0.003
ORF1a	983	0.008
ORF1a	985	0.003
ORF1a	986	0.003
ORF1a	988	0.003
ORF1a	989	0.008
ORF1a	990	0.008
ORF1a	991	0.003
ORF1a	992	0.003
ORF1a	993	0.010
ORF1a	994	0.010
ORF1a	995	0.012
ORF1a	998	0.032
ORF1a	999	0.015
ORF1a	1000	0.003
ORF1a	1001	0.223
ORF1a	1003	0.008
ORF1a	1006	0.010
ORF1a	1007	0.003
ORF1a	1010	0.014
ORF1a	1011	0.003
ORF1a	1013	0.015
ORF1a	1014	0.003
ORF1a	1015	0.005
ORF1a	1016	0.003
ORF1a	1017	0.003
ORF1a	1018	0.008
ORF1a	1021	0.010
ORF1a	1022	0.003
ORF1a	1024	0.008
ORF1a	1025	0.008
ORF1a	1026	0.005
ORF1a	1027	0.010
ORF1a	1028	0.003
ORF1a	1033	0.005
ORF1a	1035	0.005
ORF1a	1036	0.015
ORF1a	1042	0.003
ORF1a	1043	0.003
ORF1a	1044	0.003
ORF1a	1046	0.003
ORF1a	1049	0.005
ORF1a	1051	0.003
ORF1a	1053	0.003
ORF1a	1054	0.010
ORF1a	1055	0.072
ORF1a	1056	0.018
ORF1a	1063	0.003
ORF1a	1066	0.003
ORF1a	1071	0.007
ORF1a	1073	0.023
ORF1a	1074	0.003
ORF1a	1076	0.003
ORF1a	1077	0.003
ORF1a	1081	0.003
ORF1a	1082	0.008
ORF1a	1085	0.003
ORF1a	1091	0.032
ORF1a	1092	0.005
ORF1a	1093	0.007
ORF1a	1095	0.005
ORF1a	1098	0.005
ORF1a	1102	0.003
ORF1a	1104	0.003
ORF1a	1108	0.011
ORF1a	1110	0.009
ORF1a	1111	0.003
ORF1a	1113	0.013
ORF1a	1115	0.003
ORF1a	1119	0.005
ORF1a	1123	0.003
ORF1a	1124	0.003
ORF1a	1125	0.017
ORF1a	1126	0.003
ORF1a	1127	0.010
ORF1a	1128	0.012
ORF1a	1130	0.023
ORF1a	1133	0.003
ORF1a	1134	0.003
ORF1a	1140	0.003
ORF1a	1142	0.003
ORF1a	1143	0.013
ORF1a	1147	0.003
ORF1a	1150	0.003
ORF1a	1152	0.005
ORF1a	1153	0.011
ORF1a	1155	0.005
ORF1a	1156	0.005
ORF1a	1157	0.003
ORF1a	1158	0.016
ORF1a	1159	0.003
ORF1a	1160	0.011
ORF1a	1163	0.003
ORF1a	1165	0.003
ORF1a	1168	0.040
ORF1a	1169	0.003
ORF1a	1171	0.003
ORF1a	1175	0.020
ORF1a	1176	0.003
ORF1a	1182	0.013
ORF1a	1186	0.003
ORF1a	1187	0.003
ORF1a	1188	0.177
ORF1a	1190	0.003
ORF1a	1194	0.003
ORF1a	1195	0.010
ORF1a	1196	0.020
ORF1a	1198	0.003
ORF1a	1201	0.003
ORF1a	1202	0.007
ORF1a	1204	0.003
ORF1a	1205	0.007
ORF1a	1206	0.005
ORF1a	1207	0.024
ORF1a	1209	0.012
ORF1a	1210	0.003
ORF1a	1213	0.008
ORF1a	1214	0.003
ORF1a	1215	0.003
ORF1a	1217	0.003
ORF1a	1219	0.003
ORF1a	1220	0.013
ORF1a	1221	0.005
ORF1a	1222	0.003
ORF1a	1223	0.003
ORF1a	1225	0.005
ORF1a	1226	0.005
ORF1a	1227	0.003
ORF1a	1228	0.075
ORF1a	1229	0.005
ORF1a	1230	0.005
ORF1a	1234	0.005
ORF1a	1236	0.005
ORF1a	1240	0.015
ORF1a	1241	0.003
ORF1a	1243	0.008
ORF1a	1244	0.003
ORF1a	1246	0.090
ORF1a	1249	0.003
ORF1a	1253	0.003
ORF1a	1259	0.005
ORF1a	1263	0.003
ORF1a	1265	0.003
ORF1a	1269	0.003
ORF1a	1272	0.045
ORF1a	1275	0.003
ORF1a	1276	0.003
ORF1a	1277	0.003
ORF1a	1280	0.005
ORF1a	1281	0.005
ORF1a	1282	0.003
ORF1a	1283	0.022
ORF1a	1287	0.005
ORF1a	1288	0.005
ORF1a	1290	0.003
ORF1a	1291	0.014
ORF1a	1292	0.003
ORF1a	1295	0.008
ORF1a	1298	0.019
ORF1a	1299	0.005
ORF1a	1306	0.696
ORF1a	1307	0.003
ORF1a	1310	0.005
ORF1a	1311	0.005
ORF1a	1312	0.011
ORF1a	1314	0.009
ORF1a	1316	0.003
ORF1a	1318	0.003
ORF1a	1321	0.003
ORF1a	1324	0.003
ORF1a	1339	0.003
ORF1a	1340	0.005
ORF1a	1343	0.005
ORF1a	1344	0.016
ORF1a	1345	0.003
ORF1a	1348	0.003
ORF1a	1350	0.003
ORF1a	1352	0.028
ORF1a	1361	0.019
ORF1a	1363	0.005
ORF1a	1374	0.008
ORF1a	1375	0.009
ORF1a	1376	0.003
ORF1a	1378	0.009
ORF1a	1380	0.009
ORF1a	1381	0.005
ORF1a	1382	0.005
ORF1a	1386	0.005
ORF1a	1393	0.008
ORF1a	1396	0.003
ORF1a	1397	0.033
ORF1a	1398	0.013
ORF1a	1399	0.003
ORF1a	1401	0.005
ORF1a	1404	0.003
ORF1a	1406	0.003
ORF1a	1407	0.003
ORF1a	1413	0.007
ORF1a	1416	0.007
ORF1a	1427	0.003
ORF1a	1428	0.005
ORF1a	1429	0.003
ORF1a	1430	0.003
ORF1a	1432	0.003
ORF1a	1437	0.003
ORF1a	1440	0.005
ORF1a	1446	0.003
ORF1a	1453	0.003
ORF1a	1464	0.010
ORF1a	1465	0.005
ORF1a	1468	0.003
ORF1a	1472	0.008
ORF1a	1473	0.015
ORF1a	1474	0.003
ORF1a	1477	0.003
ORF1a	1478	0.005
ORF1a	1496	0.084
ORF1a	1497	0.010
ORF1a	1500	0.005
ORF1a	1506	0.003
ORF1a	1507	0.010
ORF1a	1510	0.011
ORF1a	1519	0.003
ORF1a	1521	0.003
ORF1a	1525	0.020
ORF1a	1529	0.003
ORF1a	1536	0.003
ORF1a	1538	0.063
ORF1a	1541	0.005
ORF1a	1542	0.009
ORF1a	1543	0.010
ORF1a	1545	0.005
ORF1a	1547	0.008
ORF1a	1548	0.007
ORF1a	1551	0.003
ORF1a	1559	0.003
ORF1a	1565	0.005
ORF1a	1566	0.003
ORF1a	1567	0.018
ORF1a	1568	0.003
ORF1a	1576	0.003
ORF1a	1577	0.003
ORF1a	1579	0.003
ORF1a	1580	0.003
ORF1a	1581	0.008
ORF1a	1582	0.005
ORF1a	1583	0.005
ORF1a	1584	0.003
ORF1a	1586	0.005
ORF1a	1587	0.005
ORF1a	1588	0.005
ORF1a	1589	0.005
ORF1a	1591	0.003
ORF1a	1592	0.005
ORF1a	1596	0.003
ORF1a	1597	0.005
ORF1a	1599	0.003
ORF1a	1604	0.003
ORF1a	1608	0.003
ORF1a	1609	0.003
ORF1a	1610	0.008
ORF1a	1612	0.009
ORF1a	1614	0.010
ORF1a	1618	0.003
ORF1a	1625	0.003
ORF1a	1626	0.003
ORF1a	1628	0.005
ORF1a	1631	0.003
ORF1a	1633	0.025
ORF1a	1637	0.007
ORF1a	1638	0.007
ORF1a	1639	0.013
ORF1a	1640	0.358
ORF1a	1647	0.009
ORF1a	1649	0.003
ORF1a	1650	0.003
ORF1a	1655	0.063
ORF1a	1657	0.031
ORF1a	1659	0.005
ORF1a	1665	0.005
ORF1a	1668	0.003
ORF1a	1670	0.007
ORF1a	1671	0.005
ORF1a	1676	0.005
ORF1a	1677	0.003
ORF1a	1679	0.008
ORF1a	1680	0.003
ORF1a	1682	0.015
ORF1a	1683	0.003
ORF1a	1686	0.003
ORF1a	1687	0.003
ORF1a	1689	0.003
ORF1a	1692	0.009
ORF1a	1693	0.003
ORF1a	1701	0.003
ORF1a	1706	0.005
ORF1a	1708	0.216
ORF1a	1716	0.007
ORF1a	1717	0.003
ORF1a	1719	0.007
ORF1a	1720	0.005
ORF1a	1723	0.005
ORF1a	1724	0.042
ORF1a	1731	0.003
ORF1a	1733	0.008
ORF1a	1734	0.003
ORF1a	1738	0.003
ORF1a	1746	0.003
ORF1a	1747	0.005
ORF1a	1750	0.020
ORF1a	1754	0.020
ORF1a	1758	0.003
ORF1a	1759	0.003
ORF1a	1760	0.005
ORF1a	1763	0.013
ORF1a	1764	0.003
ORF1a	1766	0.003
ORF1a	1767	0.003
ORF1a	1768	0.005
ORF1a	1769	0.009
ORF1a	1771	0.003
ORF1a	1780	0.003
ORF1a	1783	0.012
ORF1a	1785	0.003
ORF1a	1786	0.012
ORF1a	1788	0.007
ORF1a	1794	0.005
ORF1a	1795	0.175
ORF1a	1799	0.003
ORF1a	1801	0.003
ORF1a	1803	0.016
ORF1a	1805	0.003
ORF1a	1809	0.003
ORF1a	1810	0.007
ORF1a	1812	0.020
ORF1a	1814	0.005
ORF1a	1817	0.011
ORF1a	1818	0.005
ORF1a	1820	0.015
ORF1a	1822	0.007
ORF1a	1825	0.003
ORF1a	1826	0.003
ORF1a	1828	0.005
ORF1a	1839	0.005
ORF1a	1840	0.041
ORF1a	1843	0.007
ORF1a	1844	0.005
ORF1a	1847	0.003
ORF1a	1848	0.005
ORF1a	1852	0.003
ORF1a	1853	0.010
ORF1a	1854	0.011
ORF1a	1857	0.005
ORF1a	1859	0.003
ORF1a	1862	0.014
ORF1a	1871	0.003
ORF1a	1874	0.007
ORF1a	1880	0.007
ORF1a	1881	0.033
ORF1a	1885	0.003
ORF1a	1887	0.003
ORF1a	1889	0.009
ORF1a	1892	0.003
ORF1a	1893	0.003
ORF1a	1895	0.011
ORF1a	1903	0.003
ORF1a	1905	0.005
ORF1a	1909	0.005
ORF1a	1912	0.003
ORF1a	1918	0.003
ORF1a	1920	0.003
ORF1a	1921	0.035
ORF1a	1922	0.003
ORF1a	1923	0.016
ORF1a	1924	0.005
ORF1a	1926	0.003
ORF1a	1935	0.005
ORF1a	1938	0.003
ORF1a	1939	0.005
ORF1a	1943	0.005
ORF1a	1946	0.005
ORF1a	1950	0.003
ORF1a	1951	0.003
ORF1a	1952	0.005
ORF1a	1960	0.005
ORF1a	1966	0.005
ORF1a	1976	0.003
ORF1a	1977	0.012
ORF1a	1981	0.003
ORF1a	1983	0.003
ORF1a	1989	0.003
ORF1a	1991	0.005
ORF1a	1995	0.003
ORF1a	1997	0.010
ORF1a	1998	0.003
ORF1a	2001	0.008
ORF1a	2003	0.003
ORF1a	2004	0.005
ORF1a	2007	0.051
ORF1a	2011	0.003
ORF1a	2012	0.003
ORF1a	2015	0.005
ORF1a	2016	0.054
ORF1a	2018	0.021
ORF1a	2019	0.003
ORF1a	2020	0.003
ORF1a	2022	0.007
ORF1a	2024	0.015
ORF1a	2026	0.005
ORF1a	2027	0.005
ORF1a	2029	0.005
ORF1a	2030	0.026
ORF1a	2031	0.003
ORF1a	2032	0.005
ORF1a	2033	0.012
ORF1a	2034	0.008
ORF1a	2036	0.003
ORF1a	2039	0.008
ORF1a	2040	0.010
ORF1a	2044	0.003
ORF1a	2046	0.693
ORF1a	2047	0.003
ORF1a	2048	0.034
ORF1a	2049	0.003
ORF1a	2050	0.003
ORF1a	2054	0.003
ORF1a	2055	0.008
ORF1a	2056	0.005
ORF1a	2057	0.003
ORF1a	2058	0.005
ORF1a	2059	0.008
ORF1a	2060	0.008
ORF1a	2061	0.005
ORF1a	2062	0.032
ORF1a	2063	0.005
ORF1a	2064	0.003
ORF1a	2065	0.023
ORF1a	2066	0.003
ORF1a	2067	0.003
ORF1a	2068	0.008
ORF1a	2069	0.005
ORF1a	2070	0.003
ORF1a	2071	0.019
ORF1a	2072	0.003
ORF1a	2073	0.003
ORF1a	2074	0.003
ORF1a	2075	0.003
ORF1a	2077	0.003
ORF1a	2078	0.007
ORF1a	2079	0.012
ORF1a	2080	0.003
ORF1a	2081	0.003
ORF1a	2084	0.003
ORF1a	2087	0.007
ORF1a	2088	0.008
ORF1a	2089	0.003
ORF1a	2091	0.018
ORF1a	2092	0.069
ORF1a	2094	0.007
ORF1a	2097	0.003
ORF1a	2099	0.003
ORF1a	2101	0.010
ORF1a	2102	0.003
ORF1a	2103	0.022
ORF1a	2105	0.005
ORF1a	2106	0.005
ORF1a	2107	0.003
ORF1a	2110	0.003
ORF1a	2112	0.003
ORF1a	2114	0.012
ORF1a	2115	0.015
ORF1a	2116	0.007
ORF1a	2118	0.003
ORF1a	2119	0.005
ORF1a	2121	0.071
ORF1a	2122	0.007
ORF1a	2123	0.019
ORF1a	2124	0.009
ORF1a	2125	0.049
ORF1a	2128	0.015
ORF1a	2129	0.020
ORF1a	2130	0.003
ORF1a	2132	0.011
ORF1a	2133	0.005
ORF1a	2137	0.005
ORF1a	2138	0.005
ORF1a	2139	0.009
ORF1a	2140	0.003
ORF1a	2141	0.003
ORF1a	2144	0.010
ORF1a	2146	0.009
ORF1a	2147	0.010
ORF1a	2149	0.003
ORF1a	2150	0.003
ORF1a	2151	0.008
ORF1a	2152	0.007
ORF1a	2153	0.007
ORF1a	2154	0.011
ORF1a	2158	0.003
ORF1a	2159	0.008
ORF1a	2160	0.003
ORF1a	2161	0.003
ORF1a	2162	0.005
ORF1a	2163	0.008
ORF1a	2164	0.003
ORF1a	2165	0.013
ORF1a	2166	0.014
ORF1a	2167	0.003
ORF1a	2168	0.005
ORF1a	2169	0.003
ORF1a	2170	0.003
ORF1a	2171	0.003
ORF1a	2172	0.003
ORF1a	2173	0.003
ORF1a	2174	0.010
ORF1a	2175	0.003
ORF1a	2176	0.003
ORF1a	2177	0.003
ORF1a	2178	0.003
ORF1a	2179	0.005
ORF1a	2180	0.003
ORF1a	2181	0.005
ORF1a	2182	0.003
ORF1a	2183	0.010
ORF1a	2184	0.003
ORF1a	2185	0.005
ORF1a	2186	0.003
ORF1a	2187	0.003
ORF1a	2188	0.012
ORF1a	2189	0.003
ORF1a	2192	0.003
ORF1a	2193	0.014
ORF1a	2200	0.015
ORF1a	2201	0.003
ORF1a	2202	0.003
ORF1a	2203	0.005
ORF1a	2207	0.003
ORF1a	2210	0.005
ORF1a	2214	0.003
ORF1a	2218	0.003
ORF1a	2219	0.003
ORF1a	2221	0.005
ORF1a	2224	0.013
ORF1a	2227	0.003
ORF1a	2230	0.220
ORF1a	2232	0.003
ORF1a	2235	0.003
ORF1a	2237	0.005
ORF1a	2238	0.010
ORF1a	2242	0.013
ORF1a	2243	0.003
ORF1a	2244	0.003
ORF1a	2246	0.009
ORF1a	2247	0.003
ORF1a	2248	0.003
ORF1a	2249	0.011
ORF1a	2250	0.003
ORF1a	2252	0.003
ORF1a	2254	0.003
ORF1a	2258	0.010
ORF1a	2259	0.023
ORF1a	2260	0.003
ORF1a	2261	0.003
ORF1a	2264	0.009
ORF1a	2266	0.003
ORF1a	2267	0.003
ORF1a	2268	0.008
ORF1a	2274	0.009
ORF1a	2277	0.005
ORF1a	2280	0.003
ORF1a	2283	0.005
ORF1a	2284	0.003
ORF1a	2285	0.005
ORF1a	2287	0.693
ORF1a	2293	0.014
ORF1a	2299	0.003
ORF1a	2300	0.009
ORF1a	2303	0.009
ORF1a	2307	0.003
ORF1a	2312	0.005
ORF1a	2313	0.005
ORF1a	2316	0.003
ORF1a	2320	0.008
ORF1a	2323	0.015
ORF1a	2327	0.003
ORF1a	2328	0.003
ORF1a	2332	0.005
ORF1a	2333	0.011
ORF1a	2336	0.003
ORF1a	2340	0.005
ORF1a	2343	0.003
ORF1a	2344	0.003
ORF1a	2345	0.020
ORF1a	2346	0.003
ORF1a	2347	0.003
ORF1a	2352	0.003
ORF1a	2353	0.003
ORF1a	2355	0.008
ORF1a	2357	0.003
ORF1a	2360	0.003
ORF1a	2361	0.007
ORF1a	2364	0.003
ORF1a	2365	0.008
ORF1a	2372	0.005
ORF1a	2374	0.003
ORF1a	2375	0.003
ORF1a	2376	0.011
ORF1a	2380	0.003
ORF1a	2385	0.005
ORF1a	2387	0.051
ORF1a	2388	0.003
ORF1a	2392	0.008
ORF1a	2396	0.003
ORF1a	2407	0.005
ORF1a	2408	0.005
ORF1a	2418	0.005
ORF1a	2427	0.003
ORF1a	2428	0.005
ORF1a	2459	0.003
ORF1a	2460	0.005
ORF1a	2466	0.003
ORF1a	2468	0.003
ORF1a	2470	0.003
ORF1a	2476	0.003
ORF1a	2481	0.003
ORF1a	2483	0.005
ORF1a	2484	0.003
ORF1a	2488	0.015
ORF1a	2489	0.003
ORF1a	2490	0.003
ORF1a	2491	0.003
ORF1a	2495	0.015
ORF1a	2496	0.003
ORF1a	2497	0.010
ORF1a	2499	0.003
ORF1a	2500	0.011
ORF1a	2501	0.032
ORF1a	2502	0.003
ORF1a	2506	0.003
ORF1a	2510	0.003
ORF1a	2511	0.041
ORF1a	2512	0.007
ORF1a	2517	0.005
ORF1a	2519	0.003
ORF1a	2522	0.005
ORF1a	2529	0.165
ORF1a	2530	0.003
ORF1a	2531	0.003
ORF1a	2532	0.003
ORF1a	2533	0.003
ORF1a	2535	0.017
ORF1a	2539	0.005
ORF1a	2540	0.003
ORF1a	2541	0.013
ORF1a	2547	0.003
ORF1a	2551	0.013
ORF1a	2552	0.005
ORF1a	2553	0.008
ORF1a	2554	0.077
ORF1a	2564	0.003
ORF1a	2568	0.003
ORF1a	2575	0.003
ORF1a	2578	0.005
ORF1a	2579	0.003
ORF1a	2581	0.005
ORF1a	2583	0.003
ORF1a	2584	0.005
ORF1a	2585	0.003
ORF1a	2586	0.012
ORF1a	2587	0.010
ORF1a	2588	0.009
ORF1a	2589	0.005
ORF1a	2591	0.003
ORF1a	2592	0.003
ORF1a	2596	0.005
ORF1a	2603	0.010
ORF1a	2604	0.007
ORF1a	2606	0.025
ORF1a	2607	0.005
ORF1a	2609	0.003
ORF1a	2611	0.003
ORF1a	2613	0.010
ORF1a	2614	0.015
ORF1a	2615	0.007
ORF1a	2616	0.003
ORF1a	2620	0.005
ORF1a	2621	0.003
ORF1a	2622	0.015
ORF1a	2624	0.005
ORF1a	2625	0.003
ORF1a	2627	0.003
ORF1a	2629	0.007
ORF1a	2631	0.003
ORF1a	2632	0.003
ORF1a	2633	0.005
ORF1a	2637	0.003
ORF1a	2638	0.003
ORF1a	2642	0.003
ORF1a	2648	0.017
ORF1a	2650	0.003
ORF1a	2652	0.003
ORF1a	2659	0.007
ORF1a	2661	0.005
ORF1a	2663	0.003
ORF1a	2664	0.003
ORF1a	2670	0.003
ORF1a	2674	0.003
ORF1a	2684	0.003
ORF1a	2685	0.022
ORF1a	2688	0.007
ORF1a	2690	0.003
ORF1a	2695	0.013
ORF1a	2698	0.008
ORF1a	2699	0.003
ORF1a	2702	0.019
ORF1a	2706	0.003
ORF1a	2710	0.007
ORF1a	2719	0.003
ORF1a	2729	0.003
ORF1a	2734	0.003
ORF1a	2737	0.003
ORF1a	2739	0.005
ORF1a	2745	0.005
ORF1a	2746	0.003
ORF1a	2759	0.012
ORF1a	2766	0.007
ORF1a	2769	0.009
ORF1a	2771	0.003
ORF1a	2774	0.003
ORF1a	2776	0.005
ORF1a	2777	0.010
ORF1a	2778	0.008
ORF1a	2779	0.003
ORF1a	2780	0.022
ORF1a	2781	0.005
ORF1a	2782	0.003
ORF1a	2783	0.003
ORF1a	2784	0.005
ORF1a	2785	0.003
ORF1a	2786	0.008
ORF1a	2787	0.005
ORF1a	2788	0.003
ORF1a	2789	0.003
ORF1a	2790	0.008
ORF1a	2791	0.016
ORF1a	2792	0.008
ORF1a	2793	0.005
ORF1a	2794	0.005
ORF1a	2795	0.005
ORF1a	2796	0.032
ORF1a	2797	0.017
ORF1a	2798	0.003
ORF1a	2799	0.008
ORF1a	2800	0.005
ORF1a	2801	0.005
ORF1a	2802	0.003
ORF1a	2806	0.008
ORF1a	2810	0.003
ORF1a	2811	0.012
ORF1a	2814	0.003
ORF1a	2821	0.003
ORF1a	2822	0.005
ORF1a	2823	0.005
ORF1a	2825	0.003
ORF1a	2828	0.005
ORF1a	2831	0.005
ORF1a	2832	0.008
ORF1a	2833	0.005
ORF1a	2836	0.017
ORF1a	2839	0.005
ORF1a	2844	0.003
ORF1a	2846	0.011
ORF1a	2847	0.003
ORF1a	2852	0.003
ORF1a	2855	0.024
ORF1a	2856	0.003
ORF1a	2857	0.003
ORF1a	2858	0.005
ORF1a	2859	0.003
ORF1a	2861	0.003
ORF1a	2863	0.005
ORF1a	2864	0.003
ORF1a	2866	0.007
ORF1a	2872	0.017
ORF1a	2874	0.003
ORF1a	2877	0.005
ORF1a	2881	0.022
ORF1a	2884	0.003
ORF1a	2891	0.003
ORF1a	2900	0.036
ORF1a	2904	0.003
ORF1a	2906	0.008
ORF1a	2909	0.009
ORF1a	2925	0.003
ORF1a	2926	0.013
ORF1a	2929	0.003
ORF1a	2930	0.693
ORF1a	2936	0.041
ORF1a	2943	0.003
ORF1a	2947	0.013
ORF1a	2951	0.005
ORF1a	2952	0.005
ORF1a	2960	0.014
ORF1a	2966	0.003
ORF1a	2967	0.085
ORF1a	2972	0.023
ORF1a	2974	0.003
ORF1a	2975	0.003
ORF1a	2977	0.003
ORF1a	2980	0.024
ORF1a	2981	0.003
ORF1a	2982	0.005
ORF1a	2986	0.003
ORF1a	2987	0.003
ORF1a	2991	0.005
ORF1a	2992	0.003
ORF1a	2994	0.019
ORF1a	2996	0.005
ORF1a	3000	0.003
ORF1a	3001	0.008
ORF1a	3005	0.003
ORF1a	3023	0.005
ORF1a	3024	0.003
ORF1a	3027	0.013
ORF1a	3032	0.005
ORF1a	3042	0.003
ORF1a	3043	0.005
ORF1a	3045	0.003
ORF1a	3053	0.003
ORF1a	3055	0.008
ORF1a	3056	0.018
ORF1a	3057	0.005
ORF1a	3058	0.020
ORF1a	3059	0.059
ORF1a	3060	0.011
ORF1a	3065	0.005
ORF1a	3070	0.046
ORF1a	3071	0.045
ORF1a	3072	0.005
ORF1a	3073	0.003
ORF1a	3076	0.011
ORF1a	3077	0.003
ORF1a	3082	0.012
ORF1a	3086	0.007
ORF1a	3087	0.031
ORF1a	3090	0.005
ORF1a	3091	0.003
ORF1a	3097	0.003
ORF1a	3099	0.007
ORF1a	3102	0.003
ORF1a	3107	0.005
ORF1a	3108	0.005
ORF1a	3113	0.005
ORF1a	3116	0.017
ORF1a	3117	0.020
ORF1a	3128	0.003
ORF1a	3129	0.030
ORF1a	3130	0.003
ORF1a	3131	0.003
ORF1a	3132	0.003
ORF1a	3133	0.003
ORF1a	3134	0.008
ORF1a	3135	0.003
ORF1a	3136	0.003
ORF1a	3137	0.003
ORF1a	3138	0.019
ORF1a	3139	0.003
ORF1a	3140	0.013
ORF1a	3141	0.003
ORF1a	3142	0.003
ORF1a	3143	0.028
ORF1a	3145	0.003
ORF1a	3148	0.005
ORF1a	3149	0.015
ORF1a	3150	0.003
ORF1a	3158	0.005
ORF1a	3161	0.003
ORF1a	3162	0.007
ORF1a	3163	0.013
ORF1a	3164	0.010
ORF1a	3170	0.003
ORF1a	3172	0.005
ORF1a	3182	0.003
ORF1a	3195	0.010
ORF1a	3196	0.003
ORF1a	3198	0.003
ORF1a	3201	0.072
ORF1a	3202	0.003
ORF1a	3203	0.005
ORF1a	3209	0.345
ORF1a	3210	0.020
ORF1a	3212	0.003
ORF1a	3220	0.010
ORF1a	3221	0.015
ORF1a	3222	0.009
ORF1a	3224	0.003
ORF1a	3233	0.003
ORF1a	3235	0.003
ORF1a	3240	0.003
ORF1a	3242	0.003
ORF1a	3244	0.015
ORF1a	3248	0.003
ORF1a	3255	0.691
ORF1a	3256	0.003
ORF1a	3258	0.003
ORF1a	3261	0.005
ORF1a	3266	0.003
ORF1a	3270	0.003
ORF1a	3275	0.003
ORF1a	3278	0.086
ORF1a	3280	0.008
ORF1a	3281	0.005
ORF1a	3284	0.032
ORF1a	3287	0.012
ORF1a	3297	0.003
ORF1a	3298	0.003
ORF1a	3300	0.003
ORF1a	3306	0.005
ORF1a	3308	0.005
ORF1a	3309	0.003
ORF1a	3310	0.003
ORF1a	3313	0.007
ORF1a	3332	0.003
ORF1a	3333	0.003
ORF1a	3334	0.024
ORF1a	3336	0.007
ORF1a	3338	0.005
ORF1a	3340	0.003
ORF1a	3344	0.003
ORF1a	3346	0.003
ORF1a	3351	0.005
ORF1a	3352	0.047
ORF1a	3353	0.176
ORF1a	3357	0.005
ORF1a	3359	0.026
ORF1a	3363	0.005
ORF1a	3364	0.003
ORF1a	3371	0.027
ORF1a	3377	0.003
ORF1a	3384	0.005
ORF1a	3392	0.009
ORF1a	3395	0.054
ORF1a	3416	0.005
ORF1a	3419	0.003
ORF1a	3420	0.005
ORF1a	3425	0.005
ORF1a	3447	0.008
ORF1a	3449	0.009
ORF1a	3451	0.003
ORF1a	3454	0.020
ORF1a	3456	0.005
ORF1a	3457	0.003
ORF1a	3459	0.005
ORF1a	3462	0.003
ORF1a	3468	0.015
ORF1a	3470	0.003
ORF1a	3474	0.003
ORF1a	3475	0.005
ORF1a	3476	0.052
ORF1a	3487	0.005
ORF1a	3490	0.005
ORF1a	3491	0.003
ORF1a	3496	0.003
ORF1a	3497	0.010
ORF1a	3504	0.015
ORF1a	3509	0.008
ORF1a	3510	0.012
ORF1a	3511	0.003
ORF1a	3517	0.003
ORF1a	3520	0.003
ORF1a	3522	0.003
ORF1a	3523	0.025
ORF1a	3524	0.003
ORF1a	3526	0.003
ORF1a	3527	0.005
ORF1a	3529	0.005
ORF1a	3536	0.003
ORF1a	3537	0.007
ORF1a	3539	0.005
ORF1a	3540	0.003
ORF1a	3542	0.008
ORF1a	3544	0.009
ORF1a	3547	0.003
ORF1a	3548	0.005
ORF1a	3559	0.003
ORF1a	3560	0.003
ORF1a	3570	0.003
ORF1a	3571	0.094
ORF1a	3573	0.003
ORF1a	3574	0.003
ORF1a	3575	0.003
ORF1a	3576	0.003
ORF1a	3577	0.003
ORF1a	3579	0.003
ORF1a	3580	0.049
ORF1a	3593	0.009
ORF1a	3595	0.005
ORF1a	3596	0.003
ORF1a	3601	0.003
ORF1a	3604	0.003
ORF1a	3606	0.189
ORF1a	3608	0.003
ORF1a	3609	0.003
ORF1a	3613	0.003
ORF1a	3615	0.024
ORF1a	3616	0.003
ORF1a	3617	0.008
ORF1a	3618	0.045
ORF1a	3619	0.003
ORF1a	3620	0.008
ORF1a	3621	0.015
ORF1a	3622	0.003
ORF1a	3623	0.005
ORF1a	3624	0.005
ORF1a	3625	0.010
ORF1a	3626	0.003
ORF1a	3627	0.005
ORF1a	3628	0.003
ORF1a	3632	0.007
ORF1a	3644	0.032
ORF1a	3645	0.003
ORF1a	3646	0.693
ORF1a	3647	0.003
ORF1a	3652	0.003
ORF1a	3653	0.015
ORF1a	3655	0.017
ORF1a	3657	0.007
ORF1a	3660	0.018
ORF1a	3661	0.005
ORF1a	3663	0.005
ORF1a	3665	0.003
ORF1a	3667	0.009
ORF1a	3670	0.005
ORF1a	3673	0.009
ORF1a	3674	0.015
ORF1a	3675	0.394
ORF1a	3676	0.406
ORF1a	3677	0.406
ORF1a	3679	0.003
ORF1a	3681	0.003
ORF1a	3682	0.003
ORF1a	3683	0.003
ORF1a	3685	0.003
ORF1a	3687	0.011
ORF1a	3689	0.005
ORF1a	3691	0.009
ORF1a	3694	0.003
ORF1a	3695	0.003
ORF1a	3697	0.005
ORF1a	3712	0.010
ORF1a	3718	0.365
ORF1a	3722	0.005
ORF1a	3725	0.008
ORF1a	3726	0.003
ORF1a	3728	0.003
ORF1a	3729	0.074
ORF1a	3730	0.003
ORF1a	3731	0.080
ORF1a	3733	0.005
ORF1a	3736	0.007
ORF1a	3737	0.005
ORF1a	3740	0.005
ORF1a	3746	0.003
ORF1a	3749	0.005
ORF1a	3750	0.285
ORF1a	3752	0.013
ORF1a	3753	0.003
ORF1a	3758	0.005
ORF1a	3760	0.003
ORF1a	3761	0.005
ORF1a	3763	0.003
ORF1a	3764	0.007
ORF1a	3766	0.071
ORF1a	3767	0.014
ORF1a	3770	0.003
ORF1a	3771	0.003
ORF1a	3772	0.005
ORF1a	3774	0.003
ORF1a	3776	0.003
ORF1a	3777	0.028
ORF1a	3785	0.016
ORF1a	3786	0.003
ORF1a	3789	0.003
ORF1a	3790	0.005
ORF1a	3796	0.005
ORF1a	3800	0.003
ORF1a	3802	0.003
ORF1a	3805	0.005
ORF1a	3810	0.005
ORF1a	3826	0.003
ORF1a	3829	0.028
ORF1a	3832	0.005
ORF1a	3833	0.003
ORF1a	3835	0.005
ORF1a	3839	0.005
ORF1a	3845	0.003
ORF1a	3847	0.003
ORF1a	3853	0.003
ORF1a	3855	0.003
ORF1a	3856	0.003
ORF1a	3858	0.003
ORF1a	3859	0.003
ORF1a	3862	0.007
ORF1a	3865	0.003
ORF1a	3881	0.003
ORF1a	3883	0.003
ORF1a	3884	0.035
ORF1a	3889	0.010
ORF1a	3901	0.003
ORF1a	3904	0.003
ORF1a	3905	0.003
ORF1a	3906	0.003
ORF1a	3908	0.003
ORF1a	3909	0.005
ORF1a	3911	0.003
ORF1a	3915	0.015
ORF1a	3917	0.003
ORF1a	3919	0.005
ORF1a	3930	0.050
ORF1a	3932	0.003
ORF1a	3935	0.005
ORF1a	3936	0.008
ORF1a	3937	0.003
ORF1a	3939	0.005
ORF1a	3940	0.005
ORF1a	3944	0.003
ORF1a	3951	0.003
ORF1a	3952	0.005
ORF1a	3955	0.003
ORF1a	3956	0.003
ORF1a	3957	0.003
ORF1a	3958	0.005
ORF1a	3959	0.010
ORF1a	3963	0.019
ORF1a	3966	0.012
ORF1a	3968	0.008
ORF1a	3969	0.005
ORF1a	3970	0.003
ORF1a	3975	0.003
ORF1a	3976	0.012
ORF1a	3979	0.009
ORF1a	3982	0.003
ORF1a	3985	0.003
ORF1a	3987	0.005
ORF1a	3993	0.012
ORF1a	3995	0.003
ORF1a	3999	0.005
ORF1a	4005	0.003
ORF1a	4008	0.003
ORF1a	4009	0.003
ORF1a	4010	0.003
ORF1a	4015	0.003
ORF1a	4016	0.011
ORF1a	4018	0.009
ORF1a	4031	0.005
ORF1a	4035	0.003
ORF1a	4049	0.015
ORF1a	4051	0.003
ORF1a	4064	0.003
ORF1a	4065	0.015
ORF1a	4066	0.005
ORF1a	4067	0.003
ORF1a	4068	0.003
ORF1a	4071	0.003
ORF1a	4072	0.007
ORF1a	4077	0.003
ORF1a	4078	0.003
ORF1a	4079	0.003
ORF1a	4080	0.007
ORF1a	4083	0.015
ORF1a	4087	0.047
ORF1a	4088	0.005
ORF1a	4090	0.025
ORF1a	4092	0.003
ORF1a	4100	0.003
ORF1a	4101	0.007
ORF1a	4102	0.003
ORF1a	4106	0.005
ORF1a	4108	0.003
ORF1a	4109	0.003
ORF1a	4111	0.005
ORF1a	4112	0.005
ORF1a	4116	0.003
ORF1a	4119	0.003
ORF1a	4120	0.007
ORF1a	4127	0.003
ORF1a	4129	0.011
ORF1a	4133	0.003
ORF1a	4135	0.003
ORF1a	4136	0.003
ORF1a	4140	0.005
ORF1a	4148	0.003
ORF1a	4150	0.003
ORF1a	4151	0.011
ORF1a	4152	0.003
ORF1a	4153	0.003
ORF1a	4158	0.008
ORF1a	4160	0.003
ORF1a	4161	0.007
ORF1a	4162	0.003
ORF1a	4164	0.013
ORF1a	4165	0.005
ORF1a	4167	0.003
ORF1a	4175	0.038
ORF1a	4176	0.007
ORF1a	4178	0.003
ORF1a	4179	0.027
ORF1a	4182	0.015
ORF1a	4187	0.005
ORF1a	4189	0.005
ORF1a	4194	0.003
ORF1a	4197	0.010
ORF1a	4198	0.003
ORF1a	4199	0.003
ORF1a	4204	0.003
ORF1a	4205	0.013
ORF1a	4207	0.022
ORF1a	4211	0.003
ORF1a	4216	0.005
ORF1a	4220	0.008
ORF1a	4223	0.003
ORF1a	4227	0.003
ORF1a	4241	0.015
ORF1a	4249	0.022
ORF1a	4257	0.003
ORF1a	4261	0.005
ORF1a	4265	0.003
ORF1a	4274	0.003
ORF1a	4285	0.005
ORF1a	4286	0.003
ORF1a	4287	0.003
ORF1a	4292	0.003
ORF1a	4301	0.003
ORF1a	4304	0.017
ORF1a	4308	0.009
ORF1a	4326	0.003
ORF1a	4342	0.003
ORF1a	4348	0.003
ORF1a	4354	0.007
ORF1a	4355	0.015
ORF1a	4357	0.021
ORF1a	4358	0.003
ORF1a	4364	0.012
ORF1a	4372	0.007
ORF1a	4373	0.003
ORF1a	4374	0.003
ORF1a	4375	0.003
ORF1a	4377	0.005
ORF1a	4379	0.005
ORF1a	4380	0.005
ORF1a	4383	0.003
ORF1a	4384	0.003
ORF1a	4386	0.003
ORF1a	4387	0.014
ORF1a	4389	0.003
ORF1a	4391	0.007
ORF1a	4396	0.005
ORF1a	4398	0.018
ORF1b	2	0.003
ORF1b	6	0.003
ORF1b	7	0.003
ORF1b	11	0.005
ORF1b	12	0.003
ORF1b	15	0.003
ORF1b	17	0.019
ORF1b	26	0.003
ORF1b	29	0.007
ORF1b	31	0.005
ORF1b	32	0.003
ORF1b	33	0.003
ORF1b	37	0.003
ORF1b	43	0.003
ORF1b	50	0.019
ORF1b	53	0.005
ORF1b	54	0.003
ORF1b	57	0.005
ORF1b	62	0.003
ORF1b	67	0.005
ORF1b	69	0.005
ORF1b	76	0.009
ORF1b	82	0.032
ORF1b	83	0.008
ORF1b	84	0.003
ORF1b	85	0.010
ORF1b	86	0.010
ORF1b	87	0.003
ORF1b	88	0.033
ORF1b	94	0.007
ORF1b	98	0.005
ORF1b	99	0.008
ORF1b	101	0.008
ORF1b	102	0.003
ORF1b	109	0.003
ORF1b	113	0.003
ORF1b	115	0.045
ORF1b	118	0.003
ORF1b	128	0.003
ORF1b	129	0.003
ORF1b	131	0.003
ORF1b	132	0.020
ORF1b	134	0.005
ORF1b	139	0.003
ORF1b	140	0.013
ORF1b	142	0.005
ORF1b	144	0.003
ORF1b	146	0.014
ORF1b	147	0.003
ORF1b	148	0.003
ORF1b	149	0.005
ORF1b	151	0.005
ORF1b	152	0.003
ORF1b	154	0.003
ORF1b	155	0.003
ORF1b	156	0.003
ORF1b	158	0.003
ORF1b	160	0.003
ORF1b	161	0.003
ORF1b	162	0.005
ORF1b	164	0.005
ORF1b	165	0.005
ORF1b	167	0.010
ORF1b	168	0.003
ORF1b	169	0.003
ORF1b	170	0.009
ORF1b	175	0.003
ORF1b	176	0.041
ORF1b	183	0.086
ORF1b	185	0.003
ORF1b	187	0.033
ORF1b	188	0.091
ORF1b	206	0.003
ORF1b	208	0.003
ORF1b	216	0.011
ORF1b	217	0.003
ORF1b	218	0.069
ORF1b	219	0.005
ORF1b	222	0.003
ORF1b	237	0.005
ORF1b	239	0.013
ORF1b	240	0.018
ORF1b	241	0.005
ORF1b	243	0.003
ORF1b	245	0.003
ORF1b	248	0.013
ORF1b	249	0.003
ORF1b	252	0.003
ORF1b	253	0.003
ORF1b	255	0.005
ORF1b	257	0.003
ORF1b	258	0.005
ORF1b	260	0.020
ORF1b	261	0.003
ORF1b	264	0.003
ORF1b	267	0.005
ORF1b	269	0.005
ORF1b	270	0.003
ORF1b	275	0.005
ORF1b	276	0.007
ORF1b	279	0.003
ORF1b	290	0.007
ORF1b	293	0.003
ORF1b	295	0.003
ORF1b	302	0.008
ORF1b	311	0.003
ORF1b	314	0.203
ORF1b	316	0.009
ORF1b	317	0.003
ORF1b	321	0.003
ORF1b	323	0.003
ORF1b	328	0.003
ORF1b	329	0.003
ORF1b	332	0.003
ORF1b	335	0.005
ORF1b	336	0.003
ORF1b	337	0.003
ORF1b	338	0.003
ORF1b	339	0.003
ORF1b	340	0.003
ORF1b	341	0.003
ORF1b	342	0.003
ORF1b	343	0.003
ORF1b	344	0.005
ORF1b	345	0.008
ORF1b	346	0.003
ORF1b	347	0.003
ORF1b	348	0.010
ORF1b	349	0.005
ORF1b	353	0.005
ORF1b	354	0.005
ORF1b	355	0.003
ORF1b	364	0.003
ORF1b	366	0.003
ORF1b	370	0.003
ORF1b	373	0.003
ORF1b	374	0.003
ORF1b	390	0.003
ORF1b	396	0.003
ORF1b	397	0.010
ORF1b	404	0.003
ORF1b	409	0.003
ORF1b	414	0.025
ORF1b	415	0.003
ORF1b	419	0.005
ORF1b	434	0.005
ORF1b	435	0.003
ORF1b	436	0.003
ORF1b	440	0.008
ORF1b	442	0.005
ORF1b	445	0.003
ORF1b	452	0.012
ORF1b	454	0.019
ORF1b	455	0.005
ORF1b	457	0.005
ORF1b	463	0.003
ORF1b	464	0.003
ORF1b	468	0.003
ORF1b	469	0.009
ORF1b	472	0.029
ORF1b	479	0.003
ORF1b	482	0.003
ORF1b	486	0.003
ORF1b	490	0.003
ORF1b	497	0.003
ORF1b	500	0.003
ORF1b	504	0.005
ORF1b	505	0.003
ORF1b	511	0.003
ORF1b	512	0.025
ORF1b	514	0.016
ORF1b	515	0.003
ORF1b	516	0.003
ORF1b	517	0.008
ORF1b	518	0.003
ORF1b	519	0.003
ORF1b	520	0.024
ORF1b	521	0.003
ORF1b	522	0.003
ORF1b	523	0.003
ORF1b	524	0.003
ORF1b	525	0.003
ORF1b	526	0.003
ORF1b	527	0.003
ORF1b	528	0.010
ORF1b	529	0.003
ORF1b	530	0.003
ORF1b	543	0.003
ORF1b	553	0.003
ORF1b	572	0.005
ORF1b	574	0.014
ORF1b	576	0.005
ORF1b	577	0.003
ORF1b	579	0.005
ORF1b	582	0.005
ORF1b	590	0.003
ORF1b	592	0.007
ORF1b	596	0.009
ORF1b	598	0.007
ORF1b	600	0.005
ORF1b	604	0.011
ORF1b	605	0.003
ORF1b	608	0.003
ORF1b	619	0.003
ORF1b	620	0.016
ORF1b	625	0.003
ORF1b	629	0.007
ORF1b	630	0.003
ORF1b	634	0.003
ORF1b	635	0.019
ORF1b	638	0.022
ORF1b	639	0.005
ORF1b	641	0.003
ORF1b	647	0.012
ORF1b	654	0.003
ORF1b	657	0.034
ORF1b	659	0.003
ORF1b	661	0.003
ORF1b	662	0.675
ORF1b	666	0.003
ORF1b	677	0.003
ORF1b	685	0.007
ORF1b	693	0.003
ORF1b	695	0.003
ORF1b	696	0.003
ORF1b	701	0.013
ORF1b	709	0.009
ORF1b	710	0.005
ORF1b	711	0.015
ORF1b	712	0.003
ORF1b	716	0.003
ORF1b	721	0.045
ORF1b	729	0.009
ORF1b	730	0.011
ORF1b	733	0.003
ORF1b	735	0.016
ORF1b	741	0.008
ORF1b	747	0.003
ORF1b	763	0.007
ORF1b	765	0.014
ORF1b	767	0.030
ORF1b	771	0.007
ORF1b	786	0.005
ORF1b	788	0.005
ORF1b	794	0.003
ORF1b	795	0.003
ORF1b	797	0.005
ORF1b	800	0.003
ORF1b	809	0.011
ORF1b	810	0.003
ORF1b	813	0.058
ORF1b	814	0.014
ORF1b	815	0.030
ORF1b	817	0.003
ORF1b	820	0.007
ORF1b	821	0.003
ORF1b	822	0.003
ORF1b	824	0.003
ORF1b	829	0.180
ORF1b	839	0.005
ORF1b	841	0.003
ORF1b	846	0.005
ORF1b	854	0.003
ORF1b	855	0.003
ORF1b	861	0.012
ORF1b	864	0.003
ORF1b	865	0.003
ORF1b	867	0.003
ORF1b	868	0.003
ORF1b	869	0.009
ORF1b	870	0.010
ORF1b	880	0.003
ORF1b	884	0.003
ORF1b	890	0.005
ORF1b	893	0.005
ORF1b	896	0.003
ORF1b	897	0.003
ORF1b	899	0.003
ORF1b	901	0.003
ORF1b	904	0.007
ORF1b	905	0.003
ORF1b	909	0.005
ORF1b	913	0.005
ORF1b	914	0.003
ORF1b	915	0.007
ORF1b	921	0.003
ORF1b	927	0.003
ORF1b	941	0.013
ORF1b	945	0.005
ORF1b	958	0.008
ORF1b	966	0.003
ORF1b	970	0.007
ORF1b	972	0.011
ORF1b	975	0.003
ORF1b	976	0.014
ORF1b	977	0.003
ORF1b	997	0.013
ORF1b	1000	0.673
ORF1b	1001	0.013
ORF1b	1002	0.005
ORF1b	1003	0.009
ORF1b	1011	0.023
ORF1b	1016	0.003
ORF1b	1019	0.003
ORF1b	1025	0.003
ORF1b	1028	0.005
ORF1b	1030	0.011
ORF1b	1038	0.003
ORF1b	1044	0.003
ORF1b	1045	0.003
ORF1b	1047	0.003
ORF1b	1050	0.003
ORF1b	1052	0.007
ORF1b	1063	0.003
ORF1b	1064	0.008
ORF1b	1074	0.005
ORF1b	1078	0.005
ORF1b	1081	0.003
ORF1b	1087	0.070
ORF1b	1089	0.007
ORF1b	1091	0.003
ORF1b	1092	0.025
ORF1b	1094	0.003
ORF1b	1095	0.018
ORF1b	1097	0.003
ORF1b	1099	0.003
ORF1b	1103	0.015
ORF1b	1110	0.011
ORF1b	1116	0.005
ORF1b	1126	0.003
ORF1b	1127	0.007
ORF1b	1129	0.022
ORF1b	1131	0.005
ORF1b	1132	0.005
ORF1b	1133	0.019
ORF1b	1137	0.022
ORF1b	1141	0.025
ORF1b	1144	0.003
ORF1b	1149	0.020
ORF1b	1156	0.007
ORF1b	1159	0.005
ORF1b	1161	0.005
ORF1b	1162	0.003
ORF1b	1165	0.003
ORF1b	1170	0.007
ORF1b	1173	0.003
ORF1b	1176	0.005
ORF1b	1178	0.003
ORF1b	1179	0.005
ORF1b	1181	0.010
ORF1b	1182	0.030
ORF1b	1183	0.019
ORF1b	1184	0.057
ORF1b	1187	0.003
ORF1b	1190	0.003
ORF1b	1192	0.003
ORF1b	1195	0.003
ORF1b	1197	0.005
ORF1b	1203	0.003
ORF1b	1213	0.029
ORF1b	1215	0.005
ORF1b	1218	0.003
ORF1b	1219	0.062
ORF1b	1220	0.003
ORF1b	1223	0.008
ORF1b	1242	0.026
ORF1b	1247	0.003
ORF1b	1257	0.099
ORF1b	1261	0.005
ORF1b	1264	0.194
ORF1b	1267	0.003
ORF1b	1271	0.003
ORF1b	1273	0.020
ORF1b	1274	0.011
ORF1b	1277	0.003
ORF1b	1286	0.003
ORF1b	1288	0.025
ORF1b	1291	0.011
ORF1b	1295	0.003
ORF1b	1303	0.003
ORF1b	1304	0.003
ORF1b	1315	0.012
ORF1b	1316	0.005
ORF1b	1326	0.005
ORF1b	1336	0.007
ORF1b	1339	0.003
ORF1b	1342	0.059
ORF1b	1343	0.003
ORF1b	1351	0.013
ORF1b	1352	0.009
ORF1b	1353	0.003
ORF1b	1354	0.030
ORF1b	1355	0.003
ORF1b	1359	0.003
ORF1b	1362	0.011
ORF1b	1363	0.003
ORF1b	1365	0.003
ORF1b	1368	0.003
ORF1b	1373	0.003
ORF1b	1375	0.003
ORF1b	1376	0.003
ORF1b	1377	0.005
ORF1b	1381	0.003
ORF1b	1383	0.058
ORF1b	1387	0.008
ORF1b	1389	0.003
ORF1b	1390	0.003
ORF1b	1391	0.003
ORF1b	1397	0.011
ORF1b	1402	0.005
ORF1b	1404	0.009
ORF1b	1407	0.005
ORF1b	1408	0.003
ORF1b	1410	0.003
ORF1b	1414	0.019
ORF1b	1424	0.003
ORF1b	1425	0.003
ORF1b	1426	0.005
ORF1b	1427	0.028
ORF1b	1428	0.009
ORF1b	1431	0.005
ORF1b	1432	0.009
ORF1b	1441	0.007
ORF1b	1443	0.012
ORF1b	1446	0.005
ORF1b	1450	0.010
ORF1b	1452	0.011
ORF1b	1464	0.009
ORF1b	1466	0.005
ORF1b	1468	0.003
ORF1b	1476	0.003
ORF1b	1481	0.003
ORF1b	1493	0.008
ORF1b	1499	0.012
ORF1b	1503	0.003
ORF1b	1504	0.020
ORF1b	1506	0.005
ORF1b	1507	0.003
ORF1b	1509	0.005
ORF1b	1511	0.011
ORF1b	1512	0.008
ORF1b	1517	0.003
ORF1b	1519	0.009
ORF1b	1520	0.005
ORF1b	1521	0.028
ORF1b	1522	0.014
ORF1b	1525	0.003
ORF1b	1531	0.003
ORF1b	1537	0.003
ORF1b	1538	0.050
ORF1b	1539	0.005
ORF1b	1540	0.104
ORF1b	1546	0.003
ORF1b	1547	0.005
ORF1b	1550	0.025
ORF1b	1552	0.003
ORF1b	1555	0.009
ORF1b	1561	0.003
ORF1b	1567	0.026
ORF1b	1570	0.048
ORF1b	1572	0.010
ORF1b	1573	0.003
ORF1b	1577	0.003
ORF1b	1578	0.003
ORF1b	1579	0.003
ORF1b	1581	0.003
ORF1b	1582	0.003
ORF1b	1586	0.003
ORF1b	1591	0.003
ORF1b	1595	0.003
ORF1b	1596	0.074
ORF1b	1598	0.009
ORF1b	1599	0.003
ORF1b	1600	0.003
ORF1b	1602	0.003
ORF1b	1603	0.003
ORF1b	1605	0.003
ORF1b	1607	0.003
ORF1b	1609	0.013
ORF1b	1611	0.003
ORF1b	1619	0.003
ORF1b	1620	0.009
ORF1b	1621	0.005
ORF1b	1625	0.003
ORF1b	1637	0.003
ORF1b	1638	0.003
ORF1b	1639	0.005
ORF1b	1643	0.020
ORF1b	1644	0.007
ORF1b	1645	0.003
ORF1b	1646	0.003
ORF1b	1648	0.003
ORF1b	1649	0.013
ORF1b	1653	0.038
ORF1b	1656	0.003
ORF1b	1657	0.003
ORF1b	1658	0.005
ORF1b	1660	0.003
ORF1b	1661	0.005
ORF1b	1664	0.007
ORF1b	1666	0.003
ORF1b	1668	0.005
ORF1b	1675	0.005
ORF1b	1676	0.003
ORF1b	1677	0.005
ORF1b	1678	0.008
ORF1b	1679	0.003
ORF1b	1681	0.013
ORF1b	1682	0.005
ORF1b	1687	0.013
ORF1b	1688	0.005
ORF1b	1691	0.010
ORF1b	1693	0.007
ORF1b	1698	0.005
ORF1b	1699	0.003
ORF1b	1700	0.005
ORF1b	1701	0.014
ORF1b	1706	0.016
ORF1b	1712	0.003
ORF1b	1725	0.003
ORF1b	1727	0.023
ORF1b	1728	0.016
ORF1b	1729	0.009
ORF1b	1735	0.003
ORF1b	1736	0.003
ORF1b	1737	0.005
ORF1b	1739	0.005
ORF1b	1740	0.015
ORF1b	1743	0.003
ORF1b	1744	0.003
ORF1b	1745	0.003
ORF1b	1748	0.005
ORF1b	1749	0.005
ORF1b	1757	0.005
ORF1b	1758	0.003
ORF1b	1759	0.003
ORF1b	1763	0.003
ORF1b	1772	0.003
ORF1b	1774	0.007
ORF1b	1779	0.005
ORF1b	1782	0.003
ORF1b	1787	0.003
ORF1b	1793	0.003
ORF1b	1798	0.011
ORF1b	1799	0.003
ORF1b	1805	0.005
ORF1b	1807	0.008
ORF1b	1812	0.014
ORF1b	1813	0.050
ORF1b	1815	0.003
ORF1b	1817	0.003
ORF1b	1821	0.007
ORF1b	1822	0.003
ORF1b	1827	0.003
ORF1b	1829	0.003
ORF1b	1830	0.003
ORF1b	1831	0.005
ORF1b	1835	0.003
ORF1b	1838	0.003
ORF1b	1840	0.005
ORF1b	1844	0.024
ORF1b	1847	0.029
ORF1b	1848	0.021
ORF1b	1850	0.003
ORF1b	1851	0.020
ORF1b	1852	0.003
ORF1b	1862	0.003
ORF1b	1869	0.016
ORF1b	1870	0.003
ORF1b	1871	0.009
ORF1b	1873	0.020
ORF1b	1878	0.005
ORF1b	1879	0.003
ORF1b	1880	0.003
ORF1b	1881	0.005
ORF1b	1882	0.003
ORF1b	1884	0.014
ORF1b	1887	0.007
ORF1b	1893	0.003
ORF1b	1895	0.003
ORF1b	1898	0.023
ORF1b	1899	0.022
ORF1b	1902	0.021
ORF1b	1903	0.003
ORF1b	1905	0.005
ORF1b	1913	0.003
ORF1b	1918	0.693
ORF1b	1921	0.003
ORF1b	1933	0.003
ORF1b	1936	0.016
ORF1b	1942	0.003
ORF1b	1943	0.003
ORF1b	1944	0.003
ORF1b	1945	0.003
ORF1b	1946	0.003
ORF1b	1947	0.003
ORF1b	1950	0.003
ORF1b	1956	0.003
ORF1b	1963	0.003
ORF1b	1966	0.003
ORF1b	1974	0.005
ORF1b	1975	0.020
ORF1b	1976	0.003
ORF1b	1977	0.008
ORF1b	1978	0.003
ORF1b	1979	0.010
ORF1b	1980	0.003
ORF1b	1981	0.003
ORF1b	1982	0.003
ORF1b	1983	0.005
ORF1b	1984	0.003
ORF1b	1985	0.003
ORF1b	1986	0.003
ORF1b	1987	0.005
ORF1b	1988	0.005
ORF1b	1989	0.005
ORF1b	1990	0.005
ORF1b	1991	0.005
ORF1b	1992	0.005
ORF1b	1993	0.005
ORF1b	1994	0.005
ORF1b	1995	0.008
ORF1b	1996	0.018
ORF1b	1997	0.005
ORF1b	1998	0.003
ORF1b	2005	0.003
ORF1b	2006	0.005
ORF1b	2014	0.003
ORF1b	2017	0.005
ORF1b	2020	0.010
ORF1b	2021	0.005
ORF1b	2022	0.003
ORF1b	2023	0.003
ORF1b	2024	0.003
ORF1b	2025	0.008
ORF1b	2026	0.005
ORF1b	2027	0.003
ORF1b	2028	0.014
ORF1b	2032	0.061
ORF1b	2040	0.017
ORF1b	2048	0.013
ORF1b	2055	0.005
ORF1b	2057	0.005
ORF1b	2060	0.005
ORF1b	2061	0.007
ORF1b	2063	0.005
ORF1b	2067	0.008
ORF1b	2068	0.003
ORF1b	2070	0.013
ORF1b	2073	0.014
ORF1b	2074	0.003
ORF1b	2081	0.003
ORF1b	2084	0.019
ORF1b	2085	0.003
ORF1b	2086	0.011
ORF1b	2087	0.003
ORF1b	2089	0.005
ORF1b	2090	0.007
ORF1b	2091	0.003
ORF1b	2092	0.003
ORF1b	2099	0.015
ORF1b	2105	0.005
ORF1b	2110	0.003
ORF1b	2116	0.017
ORF1b	2117	0.013
ORF1b	2119	0.003
ORF1b	2120	0.003
ORF1b	2129	0.005
ORF1b	2130	0.003
ORF1b	2131	0.019
ORF1b	2132	0.019
ORF1b	2134	0.013
ORF1b	2138	0.016
ORF1b	2139	0.003
ORF1b	2140	0.003
ORF1b	2141	0.005
ORF1b	2142	0.003
ORF1b	2143	0.005
ORF1b	2145	0.007
ORF1b	2148	0.007
ORF1b	2151	0.003
ORF1b	2155	0.003
ORF1b	2159	0.003
ORF1b	2160	0.019
ORF1b	2162	0.013
ORF1b	2163	0.020
ORF1b	2164	0.003
ORF1b	2165	0.005
ORF1b	2166	0.003
ORF1b	2168	0.005
ORF1b	2170	0.005
ORF1b	2171	0.003
ORF1b	2173	0.003
ORF1b	2178	0.013
ORF1b	2179	0.021
ORF1b	2180	0.003
ORF1b	2183	0.009
ORF1b	2189	0.005
ORF1b	2190	0.003
ORF1b	2197	0.003
ORF1b	2198	0.011
ORF1b	2199	0.005
ORF1b	2200	0.003
ORF1b	2201	0.005
ORF1b	2202	0.003
ORF1b	2203	0.003
ORF1b	2204	0.008
ORF1b	2205	0.003
ORF1b	2206	0.003
ORF1b	2207	0.003
ORF1b	2208	0.003
ORF1b	2209	0.003
ORF1b	2212	0.011
ORF1b	2213	0.017
ORF1b	2217	0.003
ORF1b	2220	0.005
ORF1b	2222	0.018
ORF1b	2223	0.019
ORF1b	2225	0.003
ORF1b	2226	0.003
ORF1b	2231	0.003
ORF1b	2233	0.003
ORF1b	2234	0.003
ORF1b	2235	0.003
ORF1b	2246	0.003
ORF1b	2247	0.003
ORF1b	2250	0.005
ORF1b	2254	0.003
ORF1b	2255	0.003
ORF1b	2256	0.023
ORF1b	2257	0.013
ORF1b	2258	0.003
ORF1b	2260	0.009
ORF1b	2267	0.003
ORF1b	2268	0.008
ORF1b	2269	0.024
ORF1b	2270	0.005
ORF1b	2274	0.003
ORF1b	2276	0.003
ORF1b	2282	0.003
ORF1b	2284	0.003
ORF1b	2285	0.062
ORF1b	2287	0.020
ORF1b	2291	0.003
ORF1b	2292	0.003
ORF1b	2294	0.003
ORF1b	2296	0.003
ORF1b	2297	0.008
ORF1b	2301	0.003
ORF1b	2303	0.013
ORF1b	2306	0.034
ORF1b	2308	0.011
ORF1b	2310	0.022
ORF1b	2311	0.010
ORF1b	2312	0.012
ORF1b	2313	0.017
ORF1b	2314	0.008
ORF1b	2315	0.005
ORF1b	2320	0.003
ORF1b	2321	0.010
ORF1b	2322	0.010
ORF1b	2323	0.003
ORF1b	2324	0.008
ORF1b	2333	0.017
ORF1b	2334	0.003
ORF1b	2335	0.003
ORF1b	2336	0.003
ORF1b	2337	0.008
ORF1b	2338	0.011
ORF1b	2339	0.005
ORF1b	2340	0.005
ORF1b	2341	0.007
ORF1b	2345	0.008
ORF1b	2355	0.003
ORF1b	2356	0.009
ORF1b	2357	0.003
ORF1b	2359	0.003
ORF1b	2361	0.003
ORF1b	2363	0.005
ORF1b	2365	0.003
ORF1b	2366	0.003
ORF1b	2367	0.003
ORF1b	2368	0.007
ORF1b	2369	0.003
ORF1b	2371	0.060
ORF1b	2373	0.005
ORF1b	2376	0.003
ORF1b	2378	0.003
ORF1b	2379	0.007
ORF1b	2380	0.003
ORF1b	2381	0.003
ORF1b	2382	0.009
ORF1b	2383	0.003
ORF1b	2385	0.003
ORF1b	2386	0.005
ORF1b	2388	0.012
ORF1b	2391	0.005
ORF1b	2393	0.007
ORF1b	2394	0.003
ORF1b	2399	0.005
ORF1b	2403	0.011
ORF1b	2406	0.005
ORF1b	2407	0.003
ORF1b	2408	0.003
ORF1b	2410	0.003
ORF1b	2414	0.022
ORF1b	2415	0.003
ORF1b	2417	0.009
ORF1b	2423	0.003
ORF1b	2425	0.003
ORF1b	2430	0.010
ORF1b	2431	0.019
ORF1b	2432	0.012
ORF1b	2434	0.011
ORF1b	2438	0.003
ORF1b	2439	0.003
ORF1b	2440	0.003
ORF1b	2441	0.003
ORF1b	2442	0.003
ORF1b	2445	0.003
ORF1b	2453	0.003
ORF1b	2474	0.003
ORF1b	2488	0.011
ORF1b	2489	0.003
ORF1b	2493	0.005
ORF1b	2501	0.005
ORF1b	2507	0.003
ORF1b	2509	0.003
ORF1b	2510	0.005
ORF1b	2513	0.012
ORF1b	2514	0.005
ORF1b	2515	0.012
ORF1b	2518	0.003
ORF1b	2519	0.003
ORF1b	2523	0.007
ORF1b	2524	0.005
ORF1b	2531	0.008
ORF1b	2536	0.003
ORF1b	2537	0.024
ORF1b	2538	0.003
ORF1b	2542	0.003
ORF1b	2548	0.033
ORF1b	2551	0.003
ORF1b	2553	0.003
ORF1b	2554	0.003
ORF1b	2556	0.003
ORF1b	2557	0.052
ORF1b	2559	0.003
ORF1b	2560	0.005
ORF1b	2564	0.003
ORF1b	2565	0.003
ORF1b	2566	0.003
ORF1b	2567	0.003
ORF1b	2571	0.003
ORF1b	2574	0.003
ORF1b	2575	0.007
ORF1b	2576	0.022
ORF1b	2579	0.003
ORF1b	2580	0.008
ORF1b	2583	0.003
ORF1b	2589	0.003
ORF1b	2592	0.009
ORF1b	2604	0.003
ORF1b	2605	0.003
ORF1b	2610	0.003
ORF1b	2612	0.037
ORF1b	2613	0.096
ORF1b	2614	0.003
ORF1b	2617	0.003
ORF1b	2619	0.003
ORF1b	2623	0.005
ORF1b	2632	0.003
ORF1b	2633	0.009
ORF1b	2635	0.187
ORF1b	2636	0.003
ORF1b	2637	0.003
ORF1b	2645	0.003
ORF1b	2655	0.005
ORF1b	2658	0.008
ORF1b	2661	0.005
ORF1b	2662	0.008
ORF1b	2663	0.003
ORF1b	2667	0.005
ORF1b	2673	0.003
ORF1b	2678	0.003
ORF1b	2681	0.003
ORF1b	2684	0.010
ORF1b	2685	0.003
ORF1b	2686	0.013
ORF1b	2689	0.003
ORF1b	2691	0.005
ORF3a	2	0.003
ORF3a	3	0.003
ORF3a	6	0.012
ORF3a	7	0.018
ORF3a	9	0.009
ORF3a	11	0.009
ORF3a	12	0.010
ORF3a	13	0.020
ORF3a	14	0.031
ORF3a	15	0.026
ORF3a	16	0.051
ORF3a	17	0.012
ORF3a	18	0.030
ORF3a	19	0.021
ORF3a	20	0.016
ORF3a	21	0.026
ORF3a	22	0.026
ORF3a	23	0.044
ORF3a	24	0.007
ORF3a	25	0.022
ORF3a	26	0.683
ORF3a	27	0.072
ORF3a	28	0.014
ORF3a	30	0.005
ORF3a	31	0.005
ORF3a	32	0.014
ORF3a	33	0.015
ORF3a	34	0.005
ORF3a	35	0.008
ORF3a	37	0.005
ORF3a	38	0.019
ORF3a	39	0.003
ORF3a	40	0.020
ORF3a	41	0.014
ORF3a	42	0.043
ORF3a	43	0.008
ORF3a	44	0.010
ORF3a	45	0.021
ORF3a	46	0.005
ORF3a	47	0.012
ORF3a	48	0.005
ORF3a	49	0.030
ORF3a	50	0.013
ORF3a	51	0.005
ORF3a	52	0.019
ORF3a	53	0.007
ORF3a	54	0.029
ORF3a	55	0.017
ORF3a	57	0.325
ORF3a	58	0.005
ORF3a	59	0.040
ORF3a	60	0.005
ORF3a	62	0.008
ORF3a	63	0.003
ORF3a	64	0.011
ORF3a	65	0.005
ORF3a	67	0.013
ORF3a	68	0.017
ORF3a	69	0.023
ORF3a	70	0.003
ORF3a	71	0.005
ORF3a	72	0.014
ORF3a	73	0.005
ORF3a	74	0.044
ORF3a	75	0.008
ORF3a	76	0.003
ORF3a	77	0.029
ORF3a	78	0.019
ORF3a	79	0.003
ORF3a	80	0.003
ORF3a	81	0.005
ORF3a	83	0.015
ORF3a	85	0.030
ORF3a	86	0.009
ORF3a	88	0.020
ORF3a	89	0.015
ORF3a	90	0.013
ORF3a	92	0.011
ORF3a	93	0.011
ORF3a	94	0.009
ORF3a	95	0.025
ORF3a	96	0.005
ORF3a	97	0.008
ORF3a	98	0.003
ORF3a	99	0.033
ORF3a	100	0.048
ORF3a	101	0.020
ORF3a	102	0.005
ORF3a	103	0.010
ORF3a	104	0.080
ORF3a	105	0.003
ORF3a	106	0.019
ORF3a	107	0.013
ORF3a	108	0.020
ORF3a	109	0.005
ORF3a	110	0.060
ORF3a	112	0.011
ORF3a	113	0.003
ORF3a	116	0.003
ORF3a	118	0.003
ORF3a	119	0.005
ORF3a	123	0.003
ORF3a	125	0.007
ORF3a	126	0.015
ORF3a	127	0.003
ORF3a	128	0.012
ORF3a	129	0.007
ORF3a	130	0.003
ORF3a	131	0.073
ORF3a	133	0.005
ORF3a	134	0.019
ORF3a	136	0.003
ORF3a	140	0.017
ORF3a	142	0.003
ORF3a	143	0.008
ORF3a	144	0.005
ORF3a	145	0.003
ORF3a	147	0.003
ORF3a	148	0.003
ORF3a	149	0.054
ORF3a	150	0.003
ORF3a	151	0.042
ORF3a	155	0.066
ORF3a	156	0.005
ORF3a	158	0.005
ORF3a	162	0.003
ORF3a	163	0.005
ORF3a	165	0.013
ORF3a	166	0.015
ORF3a	169	0.003
ORF3a	171	0.076
ORF3a	172	0.082
ORF3a	173	0.005
ORF3a	174	0.039
ORF3a	175	0.022
ORF3a	176	0.003
ORF3a	177	0.003
ORF3a	180	0.005
ORF3a	181	0.016
ORF3a	182	0.003
ORF3a	183	0.003
ORF3a	184	0.007
ORF3a	185	0.013
ORF3a	186	0.008
ORF3a	188	0.003
ORF3a	189	0.005
ORF3a	191	0.005
ORF3a	193	0.012
ORF3a	194	0.014
ORF3a	195	0.003
ORF3a	196	0.048
ORF3a	197	0.003
ORF3a	199	0.003
ORF3a	200	0.005
ORF3a	202	0.053
ORF3a	209	0.003
ORF3a	210	0.020
ORF3a	213	0.008
ORF3a	216	0.014
ORF3a	217	0.019
ORF3a	219	0.014
ORF3a	221	0.024
ORF3a	222	0.005
ORF3a	223	0.045
ORF3a	224	0.059
ORF3a	225	0.008
ORF3a	226	0.003
ORF3a	227	0.005
ORF3a	229	0.005
ORF3a	231	0.005
ORF3a	234	0.003
ORF3a	235	0.003
ORF3a	236	0.007
ORF3a	237	0.003
ORF3a	238	0.012
ORF3a	239	0.129
ORF3a	240	0.024
ORF3a	241	0.003
ORF3a	245	0.003
ORF3a	247	0.005
ORF3a	251	0.046
ORF3a	253	0.175
ORF3a	254	0.023
ORF3a	255	0.008
ORF3a	256	0.075
ORF3a	257	0.012
ORF3a	258	0.013
ORF3a	259	0.010
ORF3a	260	0.019
ORF3a	261	0.010
ORF3a	262	0.010
ORF3a	263	0.010
ORF3a	264	0.003
ORF3a	266	0.003
ORF3a	267	0.005
ORF3a	268	0.003
ORF3a	269	0.018
ORF3a	271	0.005
ORF3a	273	0.003
ORF3a	275	0.005
ORF6	2	0.042
ORF6	3	0.005
ORF6	5	0.003
ORF6	6	0.003
ORF6	7	0.003
ORF6	9	0.005
ORF6	13	0.005
ORF6	14	0.003
ORF6	17	0.003
ORF6	19	0.003
ORF6	20	0.003
ORF6	21	0.003
ORF6	22	0.012
ORF6	23	0.009
ORF6	24	0.009
ORF6	25	0.009
ORF6	26	0.014
ORF6	27	0.014
ORF6	28	0.009
ORF6	29	0.012
ORF6	30	0.010
ORF6	31	0.005
ORF6	32	0.003
ORF6	33	0.050
ORF6	36	0.003
ORF6	42	0.007
ORF6	44	0.011
ORF6	46	0.013
ORF6	48	0.073
ORF6	53	0.008
ORF6	54	0.007
ORF6	55	0.005
ORF6	56	0.008
ORF6	57	0.015
ORF6	59	0.005
ORF6	61	0.018
ORF7a	2	0.005
ORF7a	4	0.005
ORF7a	5	0.008
ORF7a	6	0.007
ORF7a	7	0.005
ORF7a	8	0.005
ORF7a	9	0.008
ORF7a	10	0.005
ORF7a	11	0.005
ORF7a	12	0.008
ORF7a	13	0.005
ORF7a	14	0.017
ORF7a	17	0.005
ORF7a	21	0.003
ORF7a	22	0.007
ORF7a	24	0.018
ORF7a	25	0.009
ORF7a	26	0.003
ORF7a	28	0.013
ORF7a	29	0.007
ORF7a	32	0.003
ORF7a	33	0.003
ORF7a	34	0.014
ORF7a	36	0.003
ORF7a	37	0.010
ORF7a	38	0.013
ORF7a	39	0.007
ORF7a	41	0.010
ORF7a	45	0.121
ORF7a	46	0.011
ORF7a	47	0.008
ORF7a	48	0.013
ORF7a	49	0.010
ORF7a	50	0.020
ORF7a	51	0.010
ORF7a	52	0.005
ORF7a	53	0.005
ORF7a	54	0.012
ORF7a	55	0.013
ORF7a	56	0.016
ORF7a	57	0.020
ORF7a	58	0.033
ORF7a	59	0.025
ORF7a	60	0.022
ORF7a	61	0.031
ORF7a	62	0.052
ORF7a	63	0.045
ORF7a	64	0.028
ORF7a	65	0.025
ORF7a	66	0.027
ORF7a	67	0.026
ORF7a	68	0.020
ORF7a	69	0.022
ORF7a	70	0.020
ORF7a	71	0.205
ORF7a	72	0.130
ORF7a	73	0.139
ORF7a	74	0.130
ORF7a	75	0.135
ORF7a	76	0.135
ORF7a	77	0.009
ORF7a	78	0.022
ORF7a	79	0.014
ORF7a	80	0.015
ORF7a	81	0.015
ORF7a	82	0.685
ORF7a	83	0.008
ORF7a	84	0.010
ORF7a	88	0.003
ORF7a	89	0.005
ORF7a	90	0.010
ORF7a	92	0.003
ORF7a	93	0.015
ORF7a	94	0.020
ORF7a	95	0.003
ORF7a	96	0.007
ORF7a	98	0.003
ORF7a	99	0.012
ORF7a	101	0.039
ORF7a	102	0.042
ORF7a	103	0.036
ORF7a	104	0.043
ORF7a	105	0.035
ORF7a	106	0.003
ORF7a	107	0.005
ORF7a	108	0.005
ORF7a	110	0.009
ORF7a	112	0.005
ORF7a	114	0.003
ORF7a	115	0.009
ORF7a	116	0.091
ORF7a	118	0.045
ORF7a	119	0.005
ORF7a	120	0.675
ORF7a	121	0.015
ORF7b	1	0.003
ORF7b	2	0.008
ORF7b	3	0.005
ORF7b	4	0.009
ORF7b	5	0.017
ORF7b	6	0.003
ORF7b	14	0.012
ORF7b	15	0.003
ORF7b	16	0.003
ORF7b	20	0.003
ORF7b	22	0.003
ORF7b	24	0.005
ORF7b	26	0.003
ORF7b	27	0.003
ORF7b	29	0.005
ORF7b	30	0.003
ORF7b	31	0.003
ORF7b	33	0.010
ORF7b	39	0.010
ORF7b	40	0.693
ORF7b	41	0.008
ORF7b	42	0.017
ORF7b	43	0.023
ORF7b	44	0.003
ORF8	3	0.003
ORF8	4	0.003
ORF8	5	0.003
ORF8	7	0.003
ORF8	8	0.019
ORF8	9	0.005
ORF8	10	0.013
ORF8	11	0.091
ORF8	12	0.008
ORF8	15	0.003
ORF8	16	0.005
ORF8	17	0.005
ORF8	18	0.019
ORF8	19	0.012
ORF8	20	0.008
ORF8	21	0.005
ORF8	23	0.003
ORF8	24	0.052
ORF8	25	0.012
ORF8	26	0.017
ORF8	27	0.220
ORF8	30	0.014
ORF8	31	0.016
ORF8	32	0.021
ORF8	33	0.003
ORF8	34	0.003
ORF8	35	0.016
ORF8	36	0.022
ORF8	37	0.022
ORF8	38	0.068
ORF8	39	0.008
ORF8	40	0.005
ORF8	41	0.003
ORF8	42	0.003
ORF8	43	0.003
ORF8	44	0.005
ORF8	45	0.044
ORF8	46	0.005
ORF8	50	0.003
ORF8	51	0.010
ORF8	52	0.231
ORF8	54	0.014
ORF8	58	0.008
ORF8	59	0.003
ORF8	60	0.041
ORF8	61	0.005
ORF8	62	0.038
ORF8	63	0.021
ORF8	64	0.014
ORF8	65	0.079
ORF8	66	0.035
ORF8	67	0.100
ORF8	68	0.144
ORF8	69	0.007
ORF8	70	0.003
ORF8	71	0.005
ORF8	72	0.013
ORF8	73	0.216
ORF8	74	0.013
ORF8	76	0.003
ORF8	77	0.007
ORF8	81	0.003
ORF8	83	0.003
ORF8	84	0.099
ORF8	85	0.008
ORF8	86	0.016
ORF8	87	0.016
ORF8	88	0.013
ORF8	91	0.013
ORF8	92	0.183
ORF8	93	0.014
ORF8	94	0.003
ORF8	95	0.019
ORF8	96	0.003
ORF8	100	0.003
ORF8	101	0.005
ORF8	102	0.011
ORF8	106	0.048
ORF8	107	0.005
ORF8	108	0.003
ORF8	110	0.005
ORF8	112	0.005
ORF8	114	0.007
ORF8	115	0.036
ORF8	117	0.003
ORF8	118	0.025
ORF8	119	0.689
ORF8	120	0.704
ORF8	121	0.026
ORF9b	2	0.003
ORF9b	3	0.033
ORF9b	4	0.003
ORF9b	5	0.010
ORF9b	6	0.193
ORF9b	7	0.005
ORF9b	8	0.005
ORF9b	9	0.040
ORF9b	10	0.102
ORF9b	11	0.005
ORF9b	13	0.023
ORF9b	14	0.007
ORF9b	15	0.032
ORF9b	16	0.013
ORF9b	17	0.024
ORF9b	18	0.008
ORF9b	19	0.005
ORF9b	22	0.008
ORF9b	24	0.003
ORF9b	25	0.003
ORF9b	26	0.007
ORF9b	27	0.005
ORF9b	31	0.005
ORF9b	32	0.052
ORF9b	33	0.008
ORF9b	34	0.003
ORF9b	35	0.014
ORF9b	37	0.003
ORF9b	38	0.026
ORF9b	43	0.003
ORF9b	50	0.029
ORF9b	51	0.008
ORF9b	57	0.013
ORF9b	60	0.679
ORF9b	61	0.003
ORF9b	66	0.003
ORF9b	67	0.012
ORF9b	68	0.013
ORF9b	70	0.010
ORF9b	72	0.009
ORF9b	73	0.003
ORF9b	74	0.003
ORF9b	75	0.011
ORF9b	77	0.183
ORF9b	78	0.003
ORF9b	80	0.003
ORF9b	82	0.005
ORF9b	83	0.005
ORF9b	84	0.003
ORF9b	86	0.009
ORF9b	92	0.003
ORF9b	93	0.003
ORF9b	98	0.003
S	5	0.083
S	6	0.008
S	8	0.005
S	9	0.009
S	11	0.003
S	12	0.027
S	13	0.015
S	14	0.005
S	15	0.003
S	16	0.015
S	18	0.222
S	19	0.673
S	20	0.189
S	21	0.027
S	22	0.009
S	23	0.003
S	24	0.003
S	25	0.008
S	26	0.188
S	27	0.045
S	28	0.005
S	29	0.048
S	32	0.003
S	33	0.003
S	35	0.009
S	36	0.008
S	45	0.003
S	49	0.020
S	52	0.042
S	53	0.007
S	54	0.014
S	55	0.003
S	57	0.003
S	61	0.003
S	62	0.003
S	63	0.008
S	64	0.003
S	65	0.005
S	66	0.010
S	67	0.084
S	68	0.003
S	69	0.259
S	70	0.265
S	71	0.003
S	72	0.005
S	73	0.005
S	75	0.061
S	76	0.052
S	77	0.020
S	78	0.005
S	80	0.084
S	81	0.003
S	82	0.003
S	83	0.005
S	84	0.003
S	85	0.008
S	86	0.005
S	87	0.005
S	88	0.008
S	89	0.003
S	90	0.005
S	94	0.003
S	95	0.581
S	96	0.028
S	97	0.041
S	98	0.022
S	100	0.005
S	105	0.003
S	112	0.040
S	115	0.003
S	116	0.003
S	118	0.005
S	119	0.003
S	120	0.005
S	123	0.005
S	125	0.003
S	126	0.005
S	132	0.005
S	136	0.005
S	137	0.005
S	138	0.199
S	139	0.003
S	140	0.003
S	141	0.036
S	142	0.719
S	143	0.042
S	144	0.319
S	145	0.064
S	146	0.010
S	147	0.005
S	150	0.012
S	151	0.003
S	152	0.057
S	153	0.033
S	154	0.020
S	155	0.016
S	156	0.697
S	157	0.712
S	158	0.690
S	159	0.003
S	162	0.003
S	173	0.008
S	174	0.005
S	176	0.005
S	177	0.014
S	178	0.005
S	179	0.003
S	181	0.038
S	183	0.008
S	184	0.003
S	185	0.003
S	186	0.003
S	189	0.005
S	190	0.183
S	198	0.003
S	209	0.003
S	210	0.010
S	211	0.008
S	212	0.005
S	213	0.005
S	214	0.022
S	215	0.075
S	216	0.009
S	217	0.003
S	218	0.005
S	219	0.017
S	221	0.010
S	222	0.308
S	224	0.003
S	227	0.005
S	228	0.003
S	229	0.005
S	237	0.008
S	240	0.014
S	241	0.055
S	242	0.058
S	243	0.069
S	244	0.014
S	245	0.013
S	246	0.065
S	247	0.054
S	248	0.054
S	249	0.051
S	250	0.102
S	251	0.100
S	252	0.054
S	253	0.085
S	254	0.007
S	255	0.030
S	256	0.009
S	257	0.005
S	258	0.045
S	259	0.003
S	260	0.005
S	261	0.008
S	262	0.021
S	263	0.009
S	264	0.005
S	272	0.018
S	273	0.005
S	278	0.003
S	281	0.010
S	284	0.005
S	289	0.026
S	299	0.025
S	306	0.003
S	307	0.005
S	308	0.005
S	309	0.005
S	310	0.003
S	314	0.003
S	316	0.003
S	321	0.003
S	323	0.007
S	325	0.003
S	330	0.003
S	331	0.003
S	335	0.003
S	344	0.003
S	346	0.078
S	350	0.003
S	351	0.003
S	352	0.003
S	353	0.003
S	354	0.015
S	355	0.003
S	356	0.003
S	357	0.005
S	358	0.003
S	359	0.003
S	360	0.003
S	361	0.003
S	362	0.005
S	363	0.003
S	364	0.003
S	365	0.003
S	366	0.003
S	367	0.015
S	368	0.003
S	369	0.003
S	370	0.005
S	371	0.003
S	372	0.008
S	373	0.005
S	374	0.003
S	375	0.003
S	376	0.003
S	377	0.003
S	378	0.003
S	379	0.003
S	380	0.003
S	381	0.003
S	382	0.003
S	383	0.003
S	384	0.008
S	385	0.005
S	386	0.003
S	387	0.003
S	388	0.003
S	389	0.003
S	390	0.003
S	391	0.003
S	392	0.003
S	393	0.010
S	394	0.008
S	395	0.003
S	396	0.003
S	397	0.003
S	398	0.003
S	399	0.003
S	400	0.003
S	401	0.003
S	402	0.005
S	403	0.005
S	404	0.003
S	405	0.005
S	406	0.005
S	407	0.003
S	408	0.010
S	409	0.003
S	411	0.007
S	413	0.003
S	414	0.027
S	417	0.232
S	428	0.003
S	433	0.003
S	434	0.007
S	439	0.055
S	440	0.019
S	444	0.012
S	445	0.005
S	446	0.020
S	447	0.003
S	448	0.003
S	449	0.016
S	450	0.011
S	452	0.715
S	459	0.007
S	460	0.005
S	463	0.003
S	470	0.013
S	471	0.003
S	474	0.003
S	476	0.003
S	477	0.066
S	478	0.673
S	479	0.005
S	483	0.005
S	484	0.328
S	485	0.003
S	490	0.066
S	494	0.003
S	496	0.010
S	499	0.003
S	501	0.384
S	502	0.003
S	503	0.003
S	504	0.003
S	508	0.003
S	513	0.003
S	514	0.003
S	520	0.011
S	522	0.016
S	529	0.003
S	531	0.003
S	532	0.003
S	534	0.003
S	547	0.003
S	552	0.003
S	554	0.003
S	558	0.005
S	570	0.235
S	572	0.035
S	573	0.012
S	574	0.010
S	575	0.011
S	580	0.003
S	582	0.003
S	583	0.024
S	585	0.003
S	591	0.003
S	604	0.005
S	611	0.003
S	613	0.057
S	614	0.151
S	621	0.003
S	622	0.013
S	623	0.014
S	626	0.010
S	627	0.003
S	630	0.003
S	632	0.010
S	638	0.003
S	640	0.013
S	647	0.014
S	653	0.005
S	654	0.008
S	655	0.184
S	656	0.003
S	658	0.003
S	661	0.019
S	670	0.003
S	675	0.042
S	676	0.010
S	677	0.121
S	678	0.008
S	679	0.019
S	680	0.022
S	681	0.878
S	682	0.003
S	683	0.003
S	684	0.008
S	687	0.003
S	688	0.023
S	689	0.003
S	692	0.003
S	693	0.003
S	697	0.003
S	698	0.007
S	699	0.005
S	701	0.089
S	702	0.003
S	704	0.005
S	706	0.014
S	716	0.229
S	717	0.005
S	719	0.050
S	723	0.003
S	728	0.003
S	731	0.003
S	732	0.049
S	735	0.016
S	739	0.008
S	747	0.005
S	754	0.003
S	764	0.003
S	765	0.005
S	768	0.003
S	769	0.020
S	771	0.005
S	772	0.005
S	778	0.003
S	779	0.008
S	780	0.010
S	791	0.013
S	792	0.008
S	793	0.005
S	794	0.003
S	796	0.038
S	797	0.003
S	803	0.003
S	807	0.003
S	809	0.009
S	812	0.014
S	813	0.021
S	814	0.003
S	827	0.003
S	829	0.012
S	830	0.003
S	831	0.005
S	834	0.003
S	836	0.005
S	839	0.005
S	842	0.005
S	845	0.023
S	846	0.008
S	850	0.022
S	854	0.005
S	859	0.074
S	869	0.003
S	870	0.009
S	871	0.003
S	872	0.003
S	879	0.012
S	888	0.030
S	891	0.003
S	892	0.005
S	893	0.003
S	899	0.007
S	913	0.003
S	922	0.003
S	929	0.017
S	930	0.005
S	931	0.003
S	932	0.003
S	933	0.003
S	934	0.003
S	935	0.005
S	936	0.031
S	937	0.005
S	938	0.044
S	939	0.026
S	940	0.017
S	941	0.005
S	942	0.010
S	943	0.021
S	944	0.003
S	945	0.003
S	946	0.005
S	950	0.677
S	957	0.016
S	963	0.003
S	964	0.005
S	968	0.003
S	976	0.003
S	978	0.005
S	979	0.009
S	982	0.218
S	990	0.003
S	1009	0.003
S	1020	0.022
S	1024	0.003
S	1027	0.184
S	1040	0.003
S	1052	0.003
S	1058	0.003
S	1063	0.005
S	1065	0.003
S	1068	0.005
S	1071	0.009
S	1073	0.021
S	1074	0.038
S	1077	0.007
S	1078	0.025
S	1079	0.003
S	1083	0.003
S	1084	0.003
S	1085	0.013
S	1087	0.009
S	1091	0.005
S	1098	0.003
S	1101	0.022
S	1103	0.003
S	1104	0.145
S	1107	0.005
S	1109	0.003
S	1111	0.010
S	1112	0.003
S	1114	0.005
S	1117	0.022
S	1118	0.224
S	1122	0.013
S	1124	0.020
S	1127	0.003
S	1129	0.003
S	1132	0.003
S	1133	0.003
S	1139	0.005
S	1141	0.003
S	1143	0.003
S	1146	0.005
S	1150	0.003
S	1153	0.009
S	1155	0.003
S	1157	0.005
S	1159	0.003
S	1162	0.040
S	1163	0.014
S	1164	0.003
S	1165	0.003
S	1167	0.032
S	1169	0.005
S	1171	0.005
S	1176	0.192
S	1177	0.017
S	1180	0.005
S	1182	0.003
S	1184	0.005
S	1187	0.005
S	1191	0.019
S	1192	0.003
S	1195	0.005
S	1199	0.008
S	1200	0.003
S	1201	0.008
S	1202	0.003
S	1205	0.005
S	1207	0.003
S	1210	0.003
S	1216	0.008
S	1219	0.020
S	1221	0.003
S	1223	0.003
S	1228	0.020
S	1229	0.027
S	1230	0.005
S	1231	0.003
S	1232	0.005
S	1233	0.003
S	1234	0.013
S	1235	0.005
S	1236	0.005
S	1237	0.046
S	1241	0.003
S	1242	0.003
S	1243	0.008
S	1245	0.003
S	1246	0.003
S	1247	0.003
S	1248	0.008
S	1250	0.009
S	1251	0.014
S	1252	0.010
S	1253	0.008
S	1254	0.003
S	1255	0.003
S	1256	0.003
S	1257	0.003
S	1258	0.012
S	1259	0.040
S	1260	0.008
S	1262	0.003
S	1263	0.019
S	1264	0.138
S	1265	0.035
S	1273	0.003